ADT1_YEAST,0.58,0.61,0.47,0.13,0.5,0,0.48,0.22,MIT,mit
ADT2_YEAST,0.43,0.67,0.48,0.27,0.5,0,0.53,0.22,MIT,mit
ADT3_YEAST,0.64,0.62,0.49,0.15,0.5,0,0.53,0.22,MIT,mit
AAR2_YEAST,0.58,0.44,0.57,0.13,0.5,0,0.54,0.22,cyt,cyt
AATM_YEAST,0.42,0.44,0.48,0.54,0.5,0,0.48,0.22,MIT,mit
AATC_YEAST,0.51,0.4,0.56,0.17,0.5,0.5,0.49,0.22,CYT,cyt
ABC1_YEAST,0.5,0.54,0.48,0.65,0.5,0,0.53,0.22,MIT,mit
BAF1_YEAST,0.48,0.45,0.59,0.2,0.5,0,0.58,0.34,cyt,cyt
ABF2_YEAST,0.55,0.5,0.66,0.36,0.5,0,0.49,0.22,MIT,mit
ABP1_YEAST,0.4,0.39,0.6,0.15,0.5,0,0.58,0.3,CYT,cyt
ACE1_YEAST,0.43,0.39,0.54,0.21,0.5,0,0.53,0.27,cyt,cyt
ACE2_YEAST,0.42,0.37,0.59,0.2,0.5,0,0.52,0.29,cyt,cyt
ACH1_YEAST,0.4,0.42,0.57,0.35,0.5,0,0.53,0.25,CYT,cyt
ACON_YEAST,0.6,0.4,0.52,0.46,0.5,0,0.53,0.22,MIT,mit
ACR1_YEAST,0.66,0.55,0.45,0.19,0.5,0,0.46,0.22,MIT,mit
ACT_YEAST,0.46,0.44,0.52,0.11,0.5,0,0.5,0.22,CYT,cyt
ACT2_YEAST,0.47,0.39,0.5,0.11,0.5,0,0.49,0.4,CYT,cyt
ACT3_YEAST,0.58,0.47,0.54,0.11,0.5,0,0.51,0.26,cyt,cyt
ACT5_YEAST,0.5,0.34,0.55,0.21,0.5,0,0.49,0.22,cyt,cyt
ADA2_YEAST,0.61,0.6,0.55,0.21,0.5,0,0.5,0.25,cyt,cyt
C1TC_YEAST,0.45,0.4,0.5,0.16,0.5,0,0.5,0.22,CYT,cyt
PUR4_YEAST,0.43,0.44,0.48,0.22,0.5,0,0.51,0.22,CYT,cyt
PUR3_YEAST,0.73,0.63,0.42,0.3,0.5,0,0.49,0.22,CYT,cyt
ADH1_YEAST,0.43,0.53,0.52,0.13,0.5,0,0.55,0.22,CYT,cyt
ADH2_YEAST,0.46,0.53,0.52,0.15,0.5,0,0.58,0.22,CYT,cyt
ADH3_YEAST,0.51,0.51,0.52,0.51,0.5,0,0.54,0.22,MIT,mit
ADH4_YEAST,0.59,0.45,0.53,0.19,0.5,0,0.59,0.27,CYT,cyt
KAD1_YEAST,0.57,0.47,0.6,0.18,0.5,0,0.51,0.22,CYT,cyt
KAD2_YEAST,0.63,0.67,0.57,0.24,0.5,0,0.49,0.22,MIT,mit
ADP1_YEAST,0.8,0.88,0.36,0.39,0.5,0,0.56,0.33,cyt,cyt
ADR1_YEAST,0.53,0.54,0.43,0.1,0.5,0,0.57,0.32,cyt,cyt
AFG3_YEAST,0.51,0.51,0.43,0.87,0.5,0,0.52,0.22,MIT,mit
AFR1_YEAST,0.38,0.61,0.61,0.12,0.5,0,0.53,0.47,CYT,cyt
RCS1_YEAST,0.33,0.55,0.51,0.43,0.5,0,0.51,0.22,cyt,cyt
AGA1_YEAST,0.78,0.74,0.42,0.26,0.5,0,0.43,0.22,cyt,cyt
AGA2_YEAST,0.74,0.67,0.47,0.34,0.5,0,0.42,0.22,cyt,cyt
YMX1_YEAST,0.72,0.61,0.45,0.3,0.5,0,0.54,0.25,MIT,mit
SYAC_YEAST,0.4,0.45,0.57,0.18,0.5,0,0.56,0.26,CYT,cyt
DHA1_YEAST,0.59,0.53,0.43,0.44,0.5,0,0.5,0.22,MIT,mit
DHA2_YEAST,0.57,0.53,0.53,0.34,0.5,0,0.53,0.22,MIT,mit
ALG1_YEAST,0.86,0.68,0.39,0.24,0.5,0,0.54,0.22,cyt,cyt
ALG5_YEAST,0.86,0.74,0.51,0.4,0.5,0,0.55,0.22,cyt,cyt
GPT_YEAST,0.79,0.57,0.41,0.28,0.5,0,0.59,0.22,cyt,cyt
ALG8_YEAST,0.41,0.54,0.39,0.2,0.5,0,0.51,0.22,cyt,cyt
MAN1_YEAST,0.37,0.36,0.56,0.18,0.5,0,0.48,0.26,cyt,cyt
ANC1_YEAST,0.53,0.31,0.58,0.39,0.5,0,0.47,0.37,cyt,cyt
ANP1_YEAST,0.74,0.75,0.58,0.47,0.5,0,0.4,0.35,cyt,cyt
APE2_YEAST,0.49,0.39,0.52,0.29,0.5,0,0.48,0.22,cyt,cyt
APE3_YEAST,0.74,0.57,0.51,0.28,0.5,0,0.58,0.22,cyt,cyt
ALP1_YEAST,0.42,0.24,0.34,0.16,0.5,0,0.5,0.22,cyt,cyt
ADB2_YEAST,0.48,0.39,0.51,0.21,0.5,0,0.52,0.28,CYT,cyt
YHB9_YEAST,0.41,0.53,0.45,0.14,0.5,0,0.52,0.66,cyt,cyt
APN1_YEAST,0.45,0.46,0.55,0.43,0.5,0,0.55,0.38,cyt,cyt
ARD1_YEAST,0.56,0.48,0.58,0.27,0.5,0,0.51,0.22,CYT,cyt
ARF1_YEAST,0.64,0.59,0.56,0.23,0.5,0,0.46,0.22,CYT,cyt
ARF2_YEAST,0.64,0.56,0.56,0.22,0.5,0,0.45,0.22,CYT,cyt
ASSY_YEAST,0.66,0.62,0.49,0.1,0.5,0,0.49,0.22,CYT,cyt
OTC_YEAST,0.53,0.44,0.51,0.33,0.5,0,0.55,0.22,CYT,cyt
ARLY_YEAST,0.38,0.49,0.53,0.19,0.5,0,0.5,0.22,CYT,cyt
AR56_YEAST,0.45,0.58,0.48,0.67,0.5,0,0.52,0.22,MIT,mit
ARGD_YEAST,0.43,0.35,0.52,0.52,0.5,0,0.54,0.22,MIT,mit
ARG1_YEAST,0.37,0.32,0.47,0.18,0.5,0,0.45,0.25,cyt,cyt
ARG2_YEAST,0.48,0.43,0.51,0.32,0.5,0,0.52,0.43,cyt,cyt
ARG3_YEAST,0.41,0.46,0.59,0.19,0.5,0,0.58,0.27,cyt,cyt
ARO1_YEAST,0.54,0.48,0.44,0.08,0.5,0,0.52,0.27,CYT,cyt
AROC_YEAST,0.6,0.47,0.45,0.22,0.5,0,0.51,0.29,CYT,cyt
AROF_YEAST,0.34,0.46,0.57,0.09,0.5,0,0.55,0.22,CYT,cyt
AROG_YEAST,0.48,0.54,0.55,0.12,0.5,0,0.51,0.22,CYT,cyt
CHMU_YEAST,0.47,0.39,0.59,0.15,0.5,0,0.57,0.22,CYT,cyt
ASG2_YEAST,0.81,0.85,0.47,0.37,0.5,0,0.56,0.22,cyt,cyt
AST1_YEAST,0.48,0.42,0.52,0.24,0.5,0,0.56,0.22,CYT,cyt
ATE1_YEAST,0.58,0.51,0.49,0.27,0.5,0,0.57,0.29,CYT,cyt
ATM1_YEAST,0.6,0.5,0.44,0.61,0.5,0,0.47,0.22,MIT,mit
ATPA_YEAST,0.45,0.55,0.54,0.66,0.5,0,0.47,0.22,MIT,mit
ATPY_YEAST,0.46,0.49,0.58,0.23,0.5,0,0.44,0.22,MIT,mit
ATPS_YEAST,0.49,0.42,0.56,0.55,0.5,0,0.42,0.25,MIT,mit
ATPT_YEAST,0.63,0.53,0.54,0.4,0.5,0,0.5,0.22,MIT,mit
ATPU_YEAST,0.5,0.54,0.53,0.54,0.5,0,0.51,0.27,MIT,mit
ATPE_YEAST,0.63,0.57,0.59,0.4,0.5,0,0.38,0.22,MIT,mit
ATPB_YEAST,0.43,0.57,0.51,0.49,0.5,0,0.48,0.22,MIT,mit
ATPG_YEAST,0.48,0.45,0.55,0.5,0.5,0,0.53,0.22,MIT,mit
ATPD_YEAST,0.5,0.58,0.46,0.46,0.5,0,0.46,0.22,MIT,mit
ATPO_YEAST,0.51,0.54,0.6,0.57,0.5,0,0.58,0.22,MIT,mit
ATP7_YEAST,0.54,0.52,0.63,0.37,0.5,0,0.46,0.22,MIT,mit
ATP8_YEAST,0.67,0.62,0.4,0.43,0.5,0.83,0.5,0.22,MIT,mit
ATR1_YEAST,0.28,0.58,0.21,0.13,0.5,0,0.51,0.22,cyt,cyt
YBR8_YEAST,0.39,0.44,0.35,0.16,0.5,0,0.55,0.22,cyt,cyt
BAR1_YEAST,0.8,0.63,0.45,0.29,0.5,0,0.51,0.22,cyt,cyt
BAS1_YEAST,0.5,0.52,0.59,0.3,0.5,0,0.51,0.35,cyt,cyt
BCK1_YEAST,0.42,0.47,0.52,0.41,0.5,0,0.53,0.32,CYT,cyt
BCK2_YEAST,0.36,0.46,0.62,0.46,0.5,0,0.51,0.33,CYT,cyt
BCS1_YEAST,0.46,0.38,0.47,0.22,0.5,0,0.52,0.27,MIT,mit
KAPR_YEAST,0.4,0.45,0.56,0.2,0.5,0,0.45,0.22,CYT,cyt
BDF1_YEAST,0.33,0.43,0.64,0.16,0.5,0,0.52,0.52,cyt,cyt
BEM1_YEAST,0.49,0.61,0.49,0.25,0.5,0,0.5,0.28,CYT,cyt
BET1_YEAST,0.38,0.5,0.37,0.26,0.5,0,0.43,0.22,cyt,cyt
BGL2_YEAST,0.69,0.7,0.52,0.36,0.5,0,0.46,0.22,cyt,cyt
CYBM_YEAST,0.61,0.72,0.39,0.33,0.5,0,0.58,0.22,MIT,mit
YMC4_YEAST,0.78,0.75,0.4,0.28,0.5,0,0.53,0.22,MIT,mit
BIK1_YEAST,0.64,0.57,0.57,0.27,0.5,0,0.37,0.22,CYT,cyt
BOS1_YEAST,0.36,0.58,0.35,0.24,0.5,0,0.44,0.22,cyt,cyt
BSD2_YEAST,0.36,0.43,0.39,0.12,0.5,0,0.49,0.22,cyt,cyt
BUD5_YEAST,0.47,0.52,0.5,0.4,0.5,0,0.41,0.22,CYT,cyt
CAD1_YEAST,0.48,0.23,0.57,0.27,0.5,0,0.48,0.47,cyt,cyt
CAP2_YEAST,0.47,0.39,0.55,0.24,0.5,0,0.47,0.22,CYT,cyt
CAN1_YEAST,0.44,0.59,0.36,0.16,0.5,0,0.52,0.22,cyt,cyt
CAPA_YEAST,0.42,0.35,0.54,0.18,0.5,0,0.56,0.22,CYT,cyt
CAPB_YEAST,0.3,0.56,0.55,0.18,0.5,0,0.5,0.22,CYT,cyt
ARGI_YEAST,0.65,0.65,0.52,0.16,0.5,0,0.6,0.22,CYT,cyt
OAT_YEAST,0.27,0.6,0.48,0.23,0.5,0,0.55,0.22,CYT,cyt
CACP_YEAST,0.45,0.41,0.5,0.46,0.5,0.5,0.5,0.27,cyt,cyt
CAT8_YEAST,0.44,0.52,0.41,0.23,0.5,0,0.51,0.22,cyt,cyt
CBF1_YEAST,0.3,0.32,0.57,0.19,0.5,0,0.48,0.55,cyt,cyt
CB32_YEAST,0.4,0.44,0.49,0.47,0.5,0,0.49,0.27,cyt,cyt
CBF5_YEAST,0.45,0.51,0.5,0.16,0.5,0,0.52,1,cyt,cyt
CBP1_YEAST,0.45,0.45,0.5,0.6,0.5,0,0.49,0.22,MIT,mit
CBP2_YEAST,0.59,0.67,0.56,0.41,0.5,0,0.47,0.22,MIT,mit
CBP3_YEAST,0.47,0.47,0.57,0.48,0.5,0,0.48,0.22,MIT,mit
CBP4_YEAST,0.35,0.52,0.48,0.22,0.5,0,0.26,0.22,MIT,mit
CBP6_YEAST,0.47,0.41,0.66,0.26,0.5,0,0.53,0.22,MIT,mit
NC5R_YEAST,0.64,0.62,0.29,0.28,0.5,0,0.51,0.22,MIT,mit
CBS1_YEAST,0.55,0.53,0.55,0.46,0.5,0,0.52,0.22,MIT,mit
CBS2_YEAST,0.67,0.62,0.54,0.43,0.5,0,0.53,0.22,MIT,mit
TNT_YEAST,0.59,0.6,0.49,0.43,0.5,0,0.53,0.31,MIT,mit
ATU1_YEAST,0.54,0.55,0.34,0.31,0.5,0,0.54,0.22,cyt,cyt
CCE1_YEAST,0.58,0.62,0.54,0.17,0.5,0,0.48,0.22,MIT,mit
CCL1_YEAST,0.4,0.38,0.53,0.16,0.5,0,0.52,0.27,cyt,cyt
CCPR_YEAST,0.46,0.71,0.48,0.53,0.5,0,0.53,0.22,MIT,mit
CCR4_YEAST,0.53,0.51,0.55,0.05,0.5,0,0.45,0.25,cyt,cyt
CTPT_YEAST,0.41,0.4,0.59,0.47,0.5,0,0.48,0.43,CYT,cyt
CC10_YEAST,0.5,0.64,0.57,0.15,0.5,0,0.47,0.22,CYT,cyt
CC11_YEAST,0.4,0.62,0.52,0.31,0.5,0,0.49,0.31,CYT,cyt
CC12_YEAST,0.6,0.5,0.57,0.25,0.5,0,0.41,0.26,CYT,cyt
CC16_YEAST,0.62,0.51,0.52,0.42,0.5,0,0.54,0.27,cyt,cyt
CC23_YEAST,0.35,0.58,0.54,0.16,0.5,0,0.51,0.22,cyt,cyt
CC24_YEAST,0.34,0.54,0.5,0.21,0.5,0,0.54,0.31,CYT,cyt
CC25_YEAST,0.39,0.58,0.5,0.26,0.5,0,0.54,0.59,cyt,cyt
CC27_YEAST,0.48,0.54,0.5,0.17,0.5,0,0.53,0.22,cyt,cyt
CDC3_YEAST,0.29,0.32,0.58,0.15,0.5,0,0.5,0.3,CYT,cyt
CC31_YEAST,0.47,0.32,0.64,0.3,0.5,0,0.63,0.22,cyt,cyt
IF4E_YEAST,0.39,0.47,0.56,0.16,0.5,0,0.47,0.22,CYT,cyt
UBC3_YEAST,0.58,0.48,0.51,0.47,0.5,0,0.55,0.22,cyt,cyt
NOT2_YEAST,0.64,0.6,0.57,0.19,0.5,0,0.43,0.22,cyt,cyt
NOT1_YEAST,0.37,0.46,0.4,0.27,0.5,0,0.45,0.22,cyt,cyt
CC4_YEAST,0.43,0.57,0.53,0.16,0.5,0,0.54,0.22,CYT,cyt
CC40_YEAST,0.28,0.37,0.61,0.09,0.5,0,0.52,0.55,cyt,cyt
CC42_YEAST,0.59,0.48,0.5,0.14,0.5,0,0.45,0.25,CYT,cyt
CAL1_YEAST,0.39,0.55,0.48,0.31,0.5,0,0.54,0.29,CYT,cyt
RFC1_YEAST,0.26,0.36,0.47,0.34,0.5,0,0.53,0.72,cyt,cyt
CC46_YEAST,0.51,0.34,0.5,0.19,0.5,0,0.5,0.22,cyt,cyt
YB52_YEAST,0.58,0.5,0.5,0.12,0.5,0,0.48,0.25,cyt,cyt
CC48_YEAST,0.44,0.39,0.53,0.14,0.5,0,0.54,0.44,CYT,cyt
CC6_YEAST,0.41,0.39,0.44,0.34,0.5,0,0.48,0.4,cyt,cyt
SYLC_YEAST,0.45,0.43,0.51,0.24,0.5,0,0.54,0.33,CYT,cyt
CC68_YEAST,0.36,0.68,0.46,0.16,0.5,0,0.53,0.28,cyt,cyt
CC7_YEAST,0.42,0.31,0.5,0.15,0.5,0,0.53,0.22,cyt,cyt
KTHY_YEAST,0.42,0.43,0.56,0.1,0.5,0,0.49,0.22,CYT,cyt
DNLI_YEAST,0.67,0.71,0.52,0.65,0.5,0,0.53,0.36,cyt,cyt
MCE1_YEAST,0.49,0.47,0.53,0.16,0.5,0,0.48,0.27,cyt,cyt
CEM1_YEAST,0.71,0.59,0.48,0.43,0.5,0,0.59,0.22,MIT,mit
RLUB_YEAST,0.4,0.42,0.71,0.21,0.5,0,0.54,0.32,CYT,cyt
RLUB_YEAST,0.4,0.42,0.71,0.21,0.5,0,0.54,0.32,CYT,cyt
CLH_YEAST,0.54,0.49,0.49,0.2,0.5,0,0.52,0.22,CYT,cyt
CHL1_YEAST,0.42,0.51,0.5,0.12,0.5,0,0.52,0.46,cyt,cyt
CHL4_YEAST,0.57,0.51,0.53,0.18,0.5,0,0.56,0.25,cyt,cyt
PSS_YEAST,0.35,0.45,0.43,0.11,0.5,0,0.56,0.22,cyt,cyt
PEM1_YEAST,0.42,0.42,0.42,0.2,0.5,0,0.49,0.22,cyt,cyt
CHS1_YEAST,0.26,0.5,0.33,0.28,0.5,0,0.51,0.22,cyt,cyt
CHS2_YEAST,0.39,0.42,0.38,0.4,0.5,0,0.49,0.47,cyt,cyt
CHS3_YEAST,0.26,0.44,0.3,0.11,0.5,0,0.51,0.47,cyt,cyt
CIK1_YEAST,0.31,0.44,0.53,0.23,0.5,0,0.51,0.32,cyt,cyt
CIN1_YEAST,0.48,0.61,0.44,0.2,0.5,0,0.47,0.22,CYT,cyt
CIN4_YEAST,0.66,0.45,0.5,0.23,0.5,0,0.49,0.22,CYT,cyt
CIN8_YEAST,0.21,0.41,0.55,0.11,0.5,0,0.5,0.27,CYT,cyt
CISY_YEAST,0.38,0.68,0.44,0.45,0.5,0,0.53,0.22,MIT,mit
CISZ_YEAST,0.44,0.38,0.48,0.32,0.5,0.83,0.53,0.22,cyt,cyt
KC21_YEAST,0.31,0.31,0.56,0.33,0.5,0,0.52,0.33,cyt,cyt
KC22_YEAST,0.49,0.31,0.49,0.35,0.5,0,0.51,0.29,cyt,cyt
KC2C_YEAST,0.38,0.37,0.56,0.21,0.5,0,0.49,0.22,cyt,cyt
KICH_YEAST,0.39,0.4,0.53,0.67,0.5,0,0.47,0.22,CYT,cyt
CLC1_YEAST,0.24,0.34,0.69,0.18,0.5,0,0.52,0.22,CYT,cyt
CG11_YEAST,0.49,0.43,0.51,0.13,0.5,0,0.47,0.22,CYT,cyt
CG12_YEAST,0.54,0.38,0.52,0.18,0.5,0,0.48,0.22,CYT,cyt
CG13_YEAST,0.43,0.57,0.53,0.53,0.5,0,0.53,0.25,CYT,cyt
CALM_YEAST,0.48,0.64,0.61,0.23,0.5,0,0.6,0.22,CYT,cyt
KCC1_YEAST,0.31,0.55,0.52,0.17,0.5,0,0.52,0.22,CYT,cyt
KCC2_YEAST,0.32,0.57,0.5,0.15,0.5,0,0.53,0.22,CYT,cyt
P2B1_YEAST,0.32,0.42,0.52,0.24,0.5,0,0.6,0.22,CYT,cyt
P2B2_YEAST,0.59,0.5,0.52,0.28,0.5,0,0.55,0.25,CYT,cyt
CALB_YEAST,0.37,0.42,0.51,0.11,0.5,0,0.57,0.22,CYT,cyt
CALX_YEAST,0.75,0.7,0.38,0.27,0.5,0,0.49,0.22,cyt,cyt
CYB_YEAST,0.61,0.72,0.31,0.33,0.5,0,0.56,0.22,MIT,mit
COFI_YEAST,0.44,0.42,0.6,0.21,0.5,0,0.57,0.22,CYT,cyt
COQ1_YEAST,0.52,0.51,0.51,0.54,0.5,0,0.55,0.27,MIT,mit
COQ2_YEAST,0.63,0.56,0.45,0.58,0.5,0,0.51,0.22,MIT,mit
COQ3_YEAST,0.52,0.56,0.54,0.53,0.5,0,0.45,0.22,MIT,mit
UCR1_YEAST,0.58,0.58,0.58,0.49,0.5,0,0.49,0.26,MIT,mit
COT1_YEAST,0.72,0.62,0.34,0.29,0.5,0,0.56,0.28,MIT,mit
COX1_YEAST,0.72,0.61,0.37,0.3,0.5,0,0.57,0.22,MIT,mit
COXX_YEAST,0.46,0.43,0.38,0.33,0.5,0,0.48,0.28,MIT,mit
COXZ_YEAST,0.57,0.57,0.44,0.37,0.5,0,0.52,0.25,MIT,mit
COXG_YEAST,0.42,0.31,0.62,0.12,0.5,0,0.4,0.22,MIT,mit
COXE_YEAST,0.49,0.46,0.45,0.45,0.5,0,0.52,0.22,MIT,mit
YEX1_YEAST,0.42,0.58,0.41,0.65,0.5,0,0.46,0.26,MIT,mit
COX2_YEAST,0.59,0.61,0.34,0.22,0.5,0,0.51,0.22,MIT,mit
COX3_YEAST,0.52,0.77,0.38,0.34,0.5,0,0.51,0.22,MIT,mit
COX4_YEAST,0.5,0.52,0.6,0.51,0.5,0,0.48,0.22,MIT,mit
COXA_YEAST,0.49,0.6,0.43,0.56,0.5,0,0.36,0.22,MIT,mit
COXB_YEAST,0.5,0.41,0.44,0.5,0.5,0,0.42,0.22,MIT,mit
COX6_YEAST,0.5,0.4,0.56,0.7,0.5,0,0.5,0.22,MIT,mit
COX7_YEAST,0.37,0.58,0.44,0.51,0.5,0,0.44,0.22,MIT,mit
COX8_YEAST,0.55,0.45,0.45,0.54,0.5,0,0.5,0.22,MIT,mit
COX9_YEAST,0.67,0.68,0.46,0.29,0.5,0,0.46,0.22,MIT,mit
CARA_YEAST,0.53,0.51,0.46,0.28,0.5,0,0.48,0.22,CYT,cyt
CARB_YEAST,0.35,0.66,0.49,0.21,0.5,0,0.54,0.25,CYT,cyt
CYPH_YEAST,0.52,0.4,0.6,0.12,0.5,0,0.55,0.22,CYT,cyt
CYPB_YEAST,0.77,0.79,0.58,0.23,0.5,0,0.48,0.22,cyt,cyt
CYPC_YEAST,0.47,0.46,0.59,0.49,0.5,0,0.56,0.22,MIT,mit
CYPR_YEAST,0.73,0.83,0.43,0.3,0.5,0,0.55,0.22,cyt,cyt
CYPD_YEAST,0.78,0.74,0.58,0.25,1,0,0.53,0.22,cyt,cyt
CBPS_YEAST,0.7,0.65,0.54,0.28,0.5,0,0.6,0.4,cyt,cyt
CPT1_YEAST,0.47,0.54,0.37,0.14,0.5,0,0.5,0.22,cyt,cyt
CRM1_YEAST,0.56,0.52,0.48,0.17,0.5,0,0.46,0.22,cyt,cyt
R141_YEAST,0.57,0.41,0.59,0.24,0.5,0,0.4,0.22,CYT,cyt
R142_YEAST,0.56,0.41,0.58,0.21,0.5,0,0.42,0.22,CYT,cyt
CSE1_YEAST,0.58,0.56,0.45,0.12,0.5,0,0.51,0.22,cyt,cyt
CSE2_YEAST,0.53,0.38,0.66,0.25,0.5,0,0.43,0.22,cyt,cyt
YKE9_YEAST,0.34,0.36,0.54,0.11,0.5,0,0.36,0.21,cyt,cyt
CSG2_YEAST,0.69,0.61,0.38,0.27,0.5,0,0.52,0.22,cyt,cyt
CATA_YEAST,0.37,0.53,0.6,0.19,0.5,0.5,0.42,0.22,cyt,cyt
CB33_YEAST,0.41,0.45,0.53,0.17,0.5,0,0.51,0.25,cyt,cyt
CTK1_YEAST,0.31,0.46,0.54,0.52,0.5,0,0.5,0.34,cyt,cyt
CTR1_YEAST,0.36,0.37,0.33,0.14,0.5,0,0.57,0.31,cyt,cyt
CHI1_YEAST,0.82,0.78,0.49,0.23,0.5,0,0.46,0.22,cyt,cyt
CHI2_YEAST,0.82,0.75,0.54,0.23,0.5,0,0.46,0.22,cyt,cyt
CATT_YEAST,0.41,0.51,0.58,0.15,0.5,0,0.45,0.27,CYT,cyt
MTC_YEAST,0.38,0.51,0.75,0.17,0.5,0,0.55,0.22,CYT,cyt
MTC_YEAST,0.38,0.51,0.75,0.17,0.5,0,0.55,0.22,CYT,cyt
CYB2_YEAST,0.53,0.44,0.51,0.33,0.5,0,0.52,0.22,MIT,mit
CYC1_YEAST,0.46,0.54,0.71,0.15,0.5,0,0.59,0.22,MIT,mit
CYC2_YEAST,0.4,0.56,0.48,0.14,0.5,0,0.47,0.22,MIT,mit
CCHL_YEAST,0.53,0.53,0.6,0.13,0.5,0,0.49,0.22,MIT,mit
CYC7_YEAST,0.42,0.57,0.72,0.22,0.5,0,0.57,0.22,MIT,mit
RL2A_YEAST,0.45,0.27,0.57,0.36,0.5,0,0.52,0.18,CYT,cyt
CYAA_YEAST,0.2,0.26,0.52,0.14,0.5,0,0.53,0.44,CYT,cyt
CYS3_YEAST,0.51,0.53,0.55,0.14,0.5,0,0.51,0.22,CYT,cyt
CY1_YEAST,0.44,0.68,0.45,0.51,0.5,0,0.52,0.41,MIT,mit
CYT2_YEAST,0.27,0.39,0.66,0.11,0.5,0,0.44,0.22,MIT,mit
DAL4_YEAST,0.55,0.42,0.34,0.3,0.5,0,0.52,0.22,cyt,cyt
DAL5_YEAST,0.34,0.42,0.3,0.23,0.5,0,0.53,0.22,cyt,cyt
MASZ_YEAST,0.44,0.53,0.52,0.23,0.5,0.83,0.51,0.22,cyt,cyt
DA80_YEAST,0.59,0.58,0.56,0.21,0.5,0,0.54,0.33,cyt,cyt
DA81_YEAST,0.39,0.28,0.46,0.12,0.5,0,0.41,0.22,cyt,cyt
DA82_YEAST,0.56,0.43,0.54,0.16,0.5,0,0.5,0.22,cyt,cyt
DAP2_YEAST,0.36,0.68,0.38,0.08,0.5,0,0.53,0.25,cyt,cyt
DATI_YEAST,0.27,0.36,0.6,0.33,0.5,0,0.37,0.31,cyt,cyt
DBF4_YEAST,0.35,0.4,0.59,0.22,0.5,0,0.47,0.37,cyt,cyt
DBP1_YEAST,0.42,0.32,0.5,0.21,0.5,0,0.51,0.22,cyt,cyt
DBP2_YEAST,0.23,0.2,0.53,0.2,0.5,0,0.44,0.22,cyt,cyt
DBR1_YEAST,0.55,0.54,0.56,0.22,0.5,0,0.5,0.37,cyt,cyt
DED1_YEAST,0.36,0.24,0.49,0.16,0.5,0,0.51,0.22,cyt,cyt
DEP1_YEAST,0.38,0.48,0.59,0.22,0.5,0,0.46,0.22,CYT,cyt
DYR_YEAST,0.8,0.46,0.5,0.15,0.5,0,0.53,0.22,CYT,cyt
DYHC_YEAST,0.6,0.56,0.47,0.2,0.5,0,0.5,0.38,cyt,cyt
DHH1_YEAST,0.41,0.24,0.54,0.26,0.5,0,0.41,0.22,cyt,cyt
DLD1_YEAST,0.47,0.65,0.54,0.62,0.5,0,0.53,0.36,MIT,mit
DMC1_YEAST,0.43,0.39,0.54,0.14,0.5,0,0.47,0.22,cyt,cyt
DPB2_YEAST,0.5,0.51,0.52,0.09,0.5,0,0.48,0.25,cyt,cyt
DPB3_YEAST,0.53,0.61,0.52,0.21,0.5,0,0.55,0.3,cyt,cyt
DPM1_YEAST,0.54,0.42,0.41,0.16,0.5,0,0.52,0.22,cyt,cyt
SYDC_YEAST,0.46,0.35,0.53,0.16,0.5,0,0.51,0.29,CYT,cyt
DRS1_YEAST,0.46,0.43,0.49,0.79,0.5,0,0.49,0.63,cyt,cyt
ATC4_YEAST,0.51,0.55,0.35,0.16,0.5,0,0.51,0.47,cyt,cyt
DSS4_YEAST,0.56,0.52,0.55,0.19,0.5,0,0.54,0.22,CYT,cyt
TFS2_YEAST,0.61,0.3,0.59,0.12,0.5,0,0.49,0.27,cyt,cyt
DUN1_YEAST,0.37,0.53,0.46,0.23,0.5,0,0.47,0.22,cyt,cyt
DUR3_YEAST,0.83,0.58,0.33,0.04,0.5,0,0.53,0.22,cyt,cyt
EF1B_YEAST,0.39,0.45,0.53,0.18,0.5,0,0.54,0.22,CYT,cyt
EF2_YEAST,0.52,0.54,0.5,0.21,0.5,0,0.48,0.3,CYT,cyt
EGD1_YEAST,0.35,0.39,0.57,0.11,0.5,0,0.48,0.22,cyt,cyt
ATN2_YEAST,0.36,0.49,0.3,0.22,0.5,0,0.52,0.31,cyt,cyt
END2_YEAST,0.78,0.7,0.32,0.23,0.5,0,0.53,0.22,cyt,cyt
END3_YEAST,0.55,0.46,0.53,0.11,0.5,0,0.52,0.48,CYT,cyt
ENO1_YEAST,0.45,0.56,0.54,0.32,0.5,0,0.57,0.22,CYT,cyt
ENO2_YEAST,0.45,0.56,0.53,0.32,0.5,0,0.57,0.22,CYT,cyt
EPT1_YEAST,0.29,0.43,0.4,0.15,0.5,0,0.53,0.22,cyt,cyt
ERD1_YEAST,0.52,0.75,0.37,0.14,0.5,0,0.46,0.22,cyt,cyt
ERD2_YEAST,0.71,0.56,0.39,0.27,0.5,0,0.52,0.22,cyt,cyt
ERG1_YEAST,0.58,0.6,0.43,0.12,0.5,0,0.55,0.22,cyt,cyt
THIL_YEAST,0.54,0.65,0.49,0.34,0.5,0,0.52,0.22,CYT,cyt
CP51_YEAST,0.57,0.59,0.44,0.16,0.5,0,0.52,0.22,cyt,cyt
KIME_YEAST,0.59,0.58,0.46,0.19,0.5,0,0.56,0.27,CYT,cyt
ERG2_YEAST,0.92,0.61,0.4,0.22,0.5,0,0.54,0.22,cyt,cyt
FPPS_YEAST,0.55,0.56,0.45,0.14,0.5,0,0.54,0.22,CYT,cyt
ER24_YEAST,0.63,0.61,0.41,0.22,0.5,0,0.51,0.22,cyt,cyt
ERG3_YEAST,0.58,0.53,0.38,0.18,0.5,0,0.52,0.22,cyt,cyt
ERG4_YEAST,0.36,0.46,0.43,0.19,0.5,0,0.48,0.22,cyt,cyt
ERG6_YEAST,0.32,0.47,0.55,0.12,0.5,0,0.52,0.22,CYT,cyt
ERG7_YEAST,0.34,0.38,0.45,0.19,0.5,0,0.51,0.22,cyt,cyt
ERG8_YEAST,0.62,0.58,0.46,0.13,0.5,0,0.53,0.22,CYT,cyt
FDFT_YEAST,0.53,0.68,0.42,0.19,0.5,0,0.53,0.22,cyt,cyt
ERS1_YEAST,0.73,0.55,0.41,0.16,0.5,0,0.46,0.22,cyt,cyt
ESP1_YEAST,0.55,0.46,0.46,0.31,0.5,0,0.58,0.48,cyt,cyt
EST1_YEAST,0.35,0.6,0.47,0.13,0.5,0,0.52,0.43,cyt,cyt
EUG1_YEAST,0.77,0.8,0.51,0.4,1,0,0.54,0.22,cyt,cyt
EXG1_YEAST,0.77,0.87,0.47,0.37,0.5,0,0.48,0.22,cyt,cyt
LCF2_YEAST,0.35,0.46,0.49,0.15,1,0,0.55,0.35,CYT,cyt
FAD1_YEAST,0.43,0.51,0.48,0.14,0.5,0,0.5,0.22,CYT,cyt
FAS1_YEAST,0.57,0.61,0.45,0.26,0.5,0,0.5,0.22,CYT,cyt
FAS2_YEAST,0.63,0.62,0.42,0.12,0.5,0,0.52,0.25,CYT,cyt
COAC_YEAST,0.25,0.4,0.51,0.18,0.5,0,0.5,0.27,CYT,cyt
ALF_YEAST,0.56,0.62,0.53,0.24,0.5,0,0.57,0.22,CYT,cyt
F16P_YEAST,0.58,0.6,0.51,0.24,0.5,0,0.53,0.22,CYT,cyt
F26_YEAST,0.71,0.59,0.53,0.15,0.5,0,0.49,0.33,CYT,cyt
FCY2_YEAST,0.46,0.35,0.33,0.17,0.5,0,0.55,0.22,cyt,cyt
FET3_YEAST,0.54,0.55,0.42,0.22,0.5,0,0.48,0.22,cyt,cyt
FET4_YEAST,0.39,0.44,0.28,0.12,0.5,0,0.46,0.27,cyt,cyt
FHL1_YEAST,0.33,0.44,0.49,0.08,0.5,0,0.48,0.49,cyt,cyt
FLO1_YEAST,0.81,0.82,0.41,0.36,0.5,0,0.39,0.22,cyt,cyt
FOX2_YEAST,0.69,0.6,0.51,0.13,0.5,0.83,0.52,0.22,cyt,cyt
THIK_YEAST,0.46,0.48,0.44,0.21,0.5,0,0.55,0.22,cyt,cyt
FKBP_YEAST,0.35,0.36,0.57,0.17,0.5,0,0.52,0.22,CYT,cyt
FKB2_YEAST,0.74,0.72,0.47,0.25,0.5,0,0.57,0.22,cyt,cyt
FKB3_YEAST,0.54,0.57,0.52,0.19,0.5,0,0.59,0.67,cyt,cyt
FPS1_YEAST,0.42,0.52,0.4,0.17,0.5,0,0.5,0.26,cyt,cyt
FRE1_YEAST,0.91,0.77,0.34,0.47,0.5,0,0.52,0.31,cyt,cyt
YKW0_YEAST,0.81,0.9,0.39,0.41,0.5,0,0.53,0.22,cyt,cyt
SYFA_YEAST,0.45,0.4,0.56,0.14,0.5,0,0.54,0.22,CYT,cyt
SYFB_YEAST,0.47,0.47,0.58,0.16,0.5,0,0.49,0.28,CYT,cyt
FUMH_YEAST,0.41,0.39,0.51,0.52,0.5,0,0.49,0.22,CYT,cyt
FU34_YEAST,0.37,0.34,0.32,0.22,0.5,0,0.56,0.22,cyt,cyt
FUR1_YEAST,0.69,0.6,0.5,0.31,0.5,0,0.55,0.22,CYT,cyt
FUR4_YEAST,0.35,0.56,0.36,0.3,0.5,0,0.53,0.25,cyt,cyt
FUS1_YEAST,0.84,0.66,0.36,0.78,0.5,0,0.49,0.5,cyt,cyt
FUS3_YEAST,0.51,0.58,0.54,0.29,0.5,0,0.53,0.22,CYT,cyt
FZF1_YEAST,0.37,0.43,0.62,0.27,0.5,0,0.48,0.22,cyt,cyt
GAC1_YEAST,0.55,0.66,0.57,0.32,0.5,0,0.57,0.34,CYT,cyt
GAL1_YEAST,0.48,0.35,0.42,0.21,0.5,0,0.57,0.22,CYT,cyt
GALX_YEAST,0.62,0.58,0.52,0.15,0.5,0,0.52,0.29,CYT,cyt
GALY_YEAST,0.56,0.59,0.53,0.16,0.5,0,0.24,0.42,cyt,cyt
GAL2_YEAST,0.44,0.51,0.37,0.15,0.5,0,0.51,0.22,cyt,cyt
GAL4_YEAST,0.44,0.44,0.49,0.15,0.5,0,0.46,0.27,cyt,cyt
GAL7_YEAST,0.5,0.5,0.48,0.17,0.5,0,0.47,0.26,CYT,cyt
GAL8_YEAST,0.6,0.6,0.49,0.3,0.5,0,0.53,0.22,cyt,cyt
GAP1_YEAST,0.49,0.46,0.34,0.21,0.5,0,0.55,0.22,cyt,cyt
GAR1_YEAST,0.35,0.68,0.57,0.4,0.5,0,0.53,0.36,cyt,cyt
GAS1_YEAST,0.7,0.69,0.43,0.33,0.5,0,0.58,0.22,cyt,cyt
GBP2_YEAST,0.23,0.3,0.58,0.22,0.5,0,0.48,0.27,cyt,cyt
E2BG_YEAST,0.45,0.42,0.52,0.2,0.5,0,0.5,0.25,CYT,cyt
IF2G_YEAST,0.51,0.35,0.46,0.15,0.5,0,0.51,0.42,CYT,cyt
E2BD_YEAST,0.42,0.39,0.47,0.13,0.5,0,0.5,0.27,CYT,cyt
E2BE_YEAST,0.32,0.38,0.52,0.2,0.5,0,0.52,0.28,CYT,cyt
E2BB_YEAST,0.59,0.65,0.52,0.3,0.5,0,0.46,0.31,CYT,cyt
GCN1_YEAST,0.41,0.52,0.41,0.11,0.5,0,0.54,0.35,CYT,cyt
GCN2_YEAST,0.37,0.33,0.5,0.12,0.5,0,0.51,0.54,CYT,cyt
E2BA_YEAST,0.45,0.56,0.49,0.17,0.5,0,0.52,0.22,CYT,cyt
GCN4_YEAST,0.56,0.54,0.59,0.14,0.5,0,0.52,0.27,cyt,cyt
GCN5_YEAST,0.31,0.31,0.54,0.18,0.5,0,0.52,0.29,cyt,cyt
GCR1_YEAST,0.27,0.51,0.47,0.35,0.5,0,0.49,0.28,cyt,cyt
GCR2_YEAST,0.54,0.56,0.57,0.18,0.5,0,0.45,0.25,cyt,cyt
GCR3_YEAST,0.17,0.38,0.45,0.09,0.5,0,0.54,0.27,cyt,cyt
GCS1_YEAST,0.43,0.51,0.54,0.15,0.5,0,0.45,0.26,cyt,cyt
GCY_YEAST,0.6,0.4,0.59,0.18,0.5,0,0.48,0.22,CYT,cyt
GDA1_YEAST,0.91,0.69,0.57,0.45,0.5,0,0.56,0.22,cyt,cyt
DHE4_YEAST,0.38,0.47,0.53,0.12,0.5,0,0.48,0.22,CYT,cyt
DHE2_YEAST,0.59,0.43,0.52,0.19,0.5,0,0.55,0.27,CYT,cyt
GDI1_YEAST,0.64,0.53,0.45,0.13,0.5,0,0.53,0.22,CYT,cyt
GEF1_YEAST,0.49,0.31,0.34,0.13,0.5,0,0.52,0.22,cyt,cyt
GFA1_YEAST,0.52,0.51,0.51,0.12,0.5,0,0.51,0.4,CYT,cyt
GLGB_YEAST,0.49,0.43,0.48,0.15,0.5,0,0.55,0.25,CYT,cyt
PP12_YEAST,0.49,0.47,0.52,0.16,0.5,0,0.53,0.28,CYT,cyt
HXKG_YEAST,0.48,0.39,0.49,0.18,0.5,0,0.51,0.22,CYT,cyt
GLNA_YEAST,0.44,0.34,0.55,0.18,0.5,0,0.52,0.22,CYT,cyt
GLN3_YEAST,0.43,0.54,0.58,0.16,0.5,0,0.5,0.36,cyt,cyt
SYQ_YEAST,0.49,0.42,0.54,0.17,0.5,0,0.5,0.36,CYT,cyt
GLO3_YEAST,0.34,0.66,0.51,0.16,0.5,0,0.47,0.33,cyt,cyt
GLS1_YEAST,0.2,0.34,0.33,0.1,0.5,0,0.48,0.31,cyt,cyt
6PGD_YEAST,0.74,0.53,0.5,0.08,0.5,0,0.55,0.31,CYT,cyt
GOG5_YEAST,0.69,0.48,0.38,0.15,0.5,0,0.55,0.22,cyt,cyt
GBA1_YEAST,0.3,0.5,0.47,0.11,0.5,0,0.46,0.22,CYT,cyt
GPDA_YEAST,0.44,0.51,0.48,0.38,0.5,0,0.52,0.22,CYT,cyt
PHSG_YEAST,0.31,0.45,0.5,0.17,0.5,0,0.49,0.22,CYT,cyt
PMGY_YEAST,0.55,0.41,0.56,0.21,0.5,0,0.52,0.22,CYT,cyt
PHO2_YEAST,0.4,0.34,0.52,0.17,0.5,0,0.47,0.51,cyt,cyt
SYG_YEAST,0.4,0.48,0.5,0.17,0.5,0,0.54,0.5,CYT,cyt
GSP1_YEAST,0.58,0.48,0.56,0.1,0.5,0,0.46,0.25,cyt,cyt
GSP2_YEAST,0.58,0.48,0.56,0.12,0.5,0,0.46,0.25,cyt,cyt
UGS1_YEAST,0.58,0.45,0.48,0.24,0.5,0,0.52,0.37,CYT,cyt
UGS2_YEAST,0.58,0.41,0.51,0.26,0.5,0,0.51,0.37,CYT,cyt
GTS1_YEAST,0.41,0.6,0.53,0.29,0.5,0,0.47,0.43,cyt,cyt
GPDM_YEAST,0.69,0.5,0.49,0.42,0.5,0,0.49,0.22,MIT,mit
HAL1_YEAST,0.38,0.49,0.61,0.13,0.5,0,0.54,0.22,CYT,cyt
CYP1_YEAST,0.6,0.48,0.44,0.52,0.5,0,0.54,0.63,cyt,cyt
HAP2_YEAST,0.47,0.49,0.63,0.17,0.5,0,0.31,0.26,cyt,cyt
HAP3_YEAST,0.28,0.51,0.55,0.11,0.5,0,0.46,0.22,cyt,cyt
HAP4_YEAST,0.56,0.57,0.63,0.39,1,0,0.59,0.4,cyt,cyt
HBS1_YEAST,0.21,0.38,0.49,0.16,0.5,0,0.51,0.45,CYT,cyt
HCM1_YEAST,0.46,0.57,0.57,0.15,0.5,0,0.52,0.26,cyt,cyt
HDF1_YEAST,0.43,0.42,0.54,0.22,0.5,0,0.57,0.33,cyt,cyt
HEM1_YEAST,0.57,0.59,0.5,0.58,0.5,0,0.53,0.22,MIT,mit
DCUP_YEAST,0.48,0.34,0.47,0.14,0.5,0,0.47,0.26,CYT,cyt
HEM6_YEAST,0.35,0.4,0.53,0.18,0.5,0,0.42,0.38,CYT,cyt
HEMZ_YEAST,0.47,0.45,0.53,0.62,0.5,0,0.46,0.22,MIT,mit
HEM2_YEAST,0.53,0.43,0.47,0.15,0.5,0,0.58,0.22,CYT,cyt
HEM3_YEAST,0.46,0.45,0.56,0.16,0.5,0,0.56,0.22,CYT,cyt
HEX2_YEAST,0.44,0.42,0.62,0.14,0.5,0,0.55,0.37,cyt,cyt
H4_YEAST,0.37,0.34,0.58,0.24,0.5,0,0.44,0.18,cyt,cyt
H4_YEAST,0.37,0.34,0.58,0.24,0.5,0,0.44,0.18,cyt,cyt
H3_YEAST,0.39,0.39,0.55,0.52,0.5,0,0.37,0.16,cyt,cyt
H3_YEAST,0.39,0.39,0.55,0.52,0.5,0,0.37,0.16,cyt,cyt
HIP1_YEAST,0.48,0.46,0.38,0.29,0.5,0,0.53,0.22,cyt,cyt
HIR1_YEAST,0.48,0.57,0.5,0.09,0.5,0,0.52,0.42,cyt,cyt
HIR2_YEAST,0.61,0.57,0.45,0.21,0.5,0,0.5,0.42,cyt,cyt
HIS7_YEAST,0.56,0.44,0.56,0.19,0.5,0,0.54,0.22,CYT,cyt
HMD1_YEAST,0.51,0.63,0.3,0.35,0.5,0,0.53,0.27,cyt,cyt
HMD2_YEAST,0.53,0.68,0.34,0.42,0.5,0,0.54,0.27,cyt,cyt
MAT1_YEAST,0.37,0.22,0.64,0.35,0.5,0,0.47,0.22,cyt,cyt
MAT2_YEAST,0.51,0.48,0.58,0.22,0.5,0,0.5,0.28,cyt,cyt
MTA1_YEAST,0.49,0.37,0.59,0.17,0.5,0,0.51,0.22,cyt,cyt
MAT2_YEAST,0.51,0.48,0.58,0.22,0.5,0,0.5,0.28,cyt,cyt
HO_YEAST,0.53,0.53,0.53,0.17,0.5,0,0.49,0.37,cyt,cyt
HOP1_YEAST,0.29,0.68,0.47,0.26,0.5,0,0.47,0.37,cyt,cyt
HPR1_YEAST,0.5,0.45,0.49,0.15,0.5,0,0.55,0.43,cyt,cyt
HXTY_YEAST,0.33,0.28,0.31,0.24,0.5,0,0.53,0.22,cyt,cyt
YJ64_YEAST,0.85,0.85,0.3,0.31,0.5,0,0.55,0.42,cyt,cyt
HR25_YEAST,0.43,0.39,0.51,0.28,0.5,0,0.4,0.22,cyt,cyt
HS83_YEAST,0.61,0.54,0.49,0.16,0.5,0,0.54,0.42,CYT,cyt
HSF_YEAST,0.34,0.35,0.61,0.19,0.5,0,0.52,0.25,cyt,cyt
CH10_YEAST,0.55,0.53,0.56,0.29,0.5,0,0.48,0.22,MIT,mit
H104_YEAST,0.66,0.62,0.52,0.17,0.5,0,0.49,0.22,CYT,cyt
HS26_YEAST,0.44,0.41,0.58,0.2,0.5,0,0.57,0.25,CYT,cyt
HS30_YEAST,0.37,0.62,0.34,0.25,0.5,0,0.51,0.22,cyt,cyt
HS60_YEAST,0.45,0.56,0.51,0.64,0.5,0,0.54,0.22,MIT,mit
HSP7_YEAST,0.38,0.46,0.52,0.75,0.5,0,0.5,0.26,MIT,mit
HS82_YEAST,0.61,0.54,0.49,0.19,0.5,0,0.54,0.47,CYT,cyt
H2A1_YEAST,0.44,0.53,0.52,0.37,0.5,0,0.5,0.22,cyt,cyt
H2A2_YEAST,0.44,0.53,0.52,0.37,0.5,0,0.5,0.22,cyt,cyt
H2B1_YEAST,0.32,0.34,0.61,0.17,0.5,0,0.52,0.32,cyt,cyt
H2B2_YEAST,0.34,0.34,0.61,0.18,0.5,0,0.52,0.32,cyt,cyt
SYH_YEAST,0.51,0.68,0.49,0.59,0.5,0,0.54,0.27,MIT,mit
HXKA_YEAST,0.41,0.3,0.49,0.28,0.5,0,0.54,0.22,CYT,cyt
HXKB_YEAST,0.41,0.43,0.5,0.28,0.5,0,0.5,0.22,CYT,cyt
HXT1_YEAST,0.3,0.5,0.34,0.26,0.5,0,0.51,0.22,cyt,cyt
HXT2_YEAST,0.49,0.4,0.34,0.26,0.5,0,0.5,0.22,cyt,cyt
HXT3_YEAST,0.34,0.4,0.3,0.23,0.5,0,0.51,0.22,cyt,cyt
HXT4_YEAST,0.43,0.44,0.3,0.18,0.5,0,0.51,0.22,cyt,cyt
HXT5_YEAST,0.43,0.45,0.37,0.12,0.5,0,0.48,0.22,cyt,cyt
HXT6_YEAST,0.45,0.57,0.3,0.17,0.5,0,0.51,0.22,cyt,cyt
HXT7_YEAST,0.45,0.57,0.3,0.17,0.5,0,0.51,0.22,cyt,cyt
HXT8_YEAST,0.42,0.44,0.33,0.17,0.5,0,0.54,0.27,cyt,cyt
ACEA_YEAST,0.52,0.5,0.53,0.1,0.5,0,0.48,0.22,cyt,cyt
IDH1_YEAST,0.53,0.56,0.49,0.46,0.5,0,0.52,0.22,MIT,mit
IDH2_YEAST,0.45,0.54,0.54,0.62,0.5,0,0.53,0.22,MIT,mit
IPPI_YEAST,0.51,0.43,0.63,0.18,0.5,0,0.52,0.22,CYT,cyt
IDHP_YEAST,0.51,0.52,0.48,0.5,0.5,0,0.51,0.22,MIT,mit
IF2M_YEAST,0.55,0.49,0.5,0.46,0.5,0,0.52,0.25,MIT,mit
SYI_YEAST,0.5,0.46,0.52,0.16,0.5,0,0.52,0.26,CYT,cyt
THDH_YEAST,0.5,0.53,0.45,0.44,0.5,0,0.49,0.22,MIT,mit
ILVB_YEAST,0.45,0.59,0.53,0.74,0.5,0,0.47,0.25,MIT,mit
ILV5_YEAST,0.57,0.61,0.55,0.67,0.5,0,0.48,0.22,MIT,mit
Icyt_YEAST,0.54,0.45,0.62,0.13,0.5,0,0.52,0.26,cyt,cyt
IMP1_YEAST,0.67,0.51,0.53,0.28,0.5,0,0.51,0.22,MIT,mit
IMP2_YEAST,0.35,0.49,0.47,0.22,0.5,0,0.5,0.28,MIT,mit
IATP_YEAST,0.47,0.63,0.66,0.45,0.5,0,0.37,0.11,MIT,mit
INO1_YEAST,0.51,0.34,0.43,0.18,0.5,0,0.48,0.25,CYT,cyt
INO2_YEAST,0.56,0.45,0.59,0.14,0.5,0,0.51,0.26,cyt,cyt
INO4_YEAST,0.45,0.38,0.59,0.18,0.5,0,0.44,0.45,cyt,cyt
IPYR_YEAST,0.43,0.51,0.6,0.25,0.5,0,0.55,0.22,CYT,cyt
IRA1_YEAST,0.47,0.59,0.43,0.13,0.5,0,0.56,0.3,cyt,cyt
IRA2_YEAST,0.4,0.45,0.42,0.17,0.5,0,0.54,0.26,cyt,cyt
IRE1_YEAST,0.89,0.81,0.36,0.71,0.5,0,0.55,0.63,cyt,cyt
IS42_YEAST,0.58,0.55,0.52,0.22,0.5,0,0.44,0.22,MIT,mit
ISP6_YEAST,0.59,0.57,0.46,0.14,0.5,0,0.52,0.22,MIT,mit
ITR1_YEAST,0.49,0.41,0.32,0.21,0.5,0,0.5,0.32,cyt,cyt
ITR2_YEAST,0.35,0.53,0.35,0.33,0.5,0,0.5,0.32,cyt,cyt
IXR1_YEAST,0.42,0.32,0.61,0.13,0.5,0,0.14,0.27,cyt,cyt
YJ12_YEAST,0.5,0.46,0.42,0.32,0.5,0,0.56,0.55,cyt,cyt
YJ13_YEAST,0.68,0.5,0.43,0.27,0.5,0,0.61,0.22,cyt,cyt
YJ16_YEAST,0.5,0.45,0.49,0.3,0.5,0,0.47,0.4,cyt,cyt
ACOX_YEAST,0.46,0.41,0.5,0.44,0.5,0,0.53,0.22,MIT,mit
YJ36_YEAST,0.32,0.36,0.34,0.19,0.5,0,0.55,0.26,cyt,cyt
YJ43_YEAST,0.4,0.51,0.42,0.13,0.5,0,0.45,0.25,cyt,cyt
YJ49_YEAST,0.7,0.73,0.37,0.37,0.5,0,0.48,0.31,cyt,cyt
YJ51_YEAST,0.81,0.76,0.32,0.37,0.5,0,0.51,0.22,cyt,cyt
YJ90_YEAST,0.65,0.61,0.39,0.3,0.5,0,0.57,0.28,cyt,cyt
YJ91_YEAST,0.47,0.43,0.35,0.32,0.5,0,0.54,0.22,cyt,cyt
JNM1_YEAST,0.42,0.25,0.6,0.14,0.5,0,0.45,0.22,CYT,cyt
KAR1_YEAST,0.23,0.34,0.41,0.28,0.5,0,0.5,0.27,cyt,cyt
GR78_YEAST,0.85,0.56,0.33,0.38,1,0,0.55,0.25,cyt,cyt
KAR3_YEAST,0.34,0.31,0.6,0.37,0.5,0,0.5,0.3,cyt,cyt
KEM1_YEAST,0.59,0.53,0.47,0.26,0.5,0,0.53,0.31,cyt,cyt
KEX1_YEAST,0.67,0.63,0.34,0.41,0.5,0,0.6,0.33,cyt,cyt
KEX2_YEAST,0.7,0.73,0.38,0.36,0.5,0,0.54,0.22,cyt,cyt
ODO1_YEAST,0.54,0.51,0.54,0.52,0.5,0,0.47,0.25,MIT,mit
ODO2_YEAST,0.53,0.5,0.54,0.56,0.5,0,0.49,0.41,MIT,mit
KHR1_YEAST,0.84,0.63,0.38,0.23,0.5,0,0.53,0.22,cyt,cyt
KHS1_YEAST,0.89,0.77,0.36,0.34,0.5,0,0.44,0.22,cyt,cyt
KIN1_YEAST,0.48,0.43,0.45,0.17,0.5,0,0.48,0.37,cyt,cyt
KIN2_YEAST,0.36,0.35,0.47,0.22,0.5,0,0.44,0.31,cyt,cyt
KI28_YEAST,0.57,0.49,0.48,0.16,0.5,0,0.51,0.22,cyt,cyt
KIP1_YEAST,0.43,0.52,0.53,0.52,1,0,0.49,0.22,CYT,cyt
KIP2_YEAST,0.38,0.49,0.54,1,0.5,0,0.5,0.27,CYT,cyt
SMI1_YEAST,0.43,0.32,0.56,0.27,0.5,0,0.47,0.27,cyt,cyt
KRE1_YEAST,0.84,0.87,0.45,0.54,0.5,0,0.28,0.22,cyt,cyt
KR11_YEAST,0.27,0.56,0.56,0.18,0.5,0,0.52,0.22,CYT,cyt
KRE2_YEAST,0.89,0.82,0.6,0.49,0.5,0,0.55,0.22,cyt,cyt
KRE5_YEAST,0.86,0.92,0.5,0.37,1,0,0.53,0.32,cyt,cyt
KRE6_YEAST,0.37,0.55,0.29,0.32,0.5,0,0.51,0.22,cyt,cyt
KRE9_YEAST,0.87,0.83,0.57,0.36,0.5,0,0.36,0.22,cyt,cyt
SYKC_YEAST,0.43,0.45,0.54,0.14,0.5,0,0.5,0.31,CYT,cyt
KSS1_YEAST,0.52,0.48,0.54,0.28,0.5,0,0.54,0.22,cyt,cyt
KTR1_YEAST,0.77,0.6,0.42,0.33,0.5,0,0.57,0.22,cyt,cyt
KTR2_YEAST,0.76,0.74,0.56,0.34,0.5,0,0.51,0.3,cyt,cyt
KTR3_YEAST,0.58,0.76,0.4,0.37,0.5,0,0.54,0.3,cyt,cyt
KTR4_YEAST,0.94,0.6,0.33,0.49,0.5,0,0.54,0.22,cyt,cyt
MSF1_YEAST,0.36,0.44,0.57,0.18,0.5,0,0.42,0.22,MIT,mit
LAG1_YEAST,0.42,0.51,0.39,0.22,0.5,0,0.49,0.26,cyt,cyt
BLH1_YEAST,0.52,0.48,0.58,0.55,0.5,0,0.48,0.22,CYT,cyt
AMPL_YEAST,0.42,0.32,0.48,0.16,0.5,0,0.55,0.22,cyt,cyt
LAS1_YEAST,0.43,0.38,0.51,0.24,0.5,0,0.46,0.33,cyt,cyt
ODP2_YEAST,0.48,0.57,0.52,0.61,0.5,0,0.51,0.22,MIT,mit
LCB1_YEAST,0.83,0.53,0.52,0.2,0.5,0,0.48,0.25,cyt,cyt
LCB2_YEAST,0.36,0.34,0.46,0.19,0.5,0,0.52,0.22,cyt,cyt
LEU2_YEAST,0.51,0.43,0.47,0.19,0.5,0,0.52,0.37,CYT,cyt
LEU3_YEAST,0.54,0.54,0.49,0.14,0.5,0,0.56,0.22,CYT,cyt
LEUR_YEAST,0.44,0.41,0.44,0.13,0.5,0,0.49,0.42,cyt,cyt
LEU1_YEAST,0.52,0.62,0.54,0.19,0.5,0,0.5,0.22,MIT,mit
LGT3_YEAST,0.46,0.4,0.38,0.18,0.5,0,0.49,0.22,cyt,cyt
LIP5_YEAST,0.68,0.5,0.55,0.65,0.5,0,0.46,0.31,MIT,mit
LOS1_YEAST,0.53,0.44,0.47,0.22,0.5,0,0.53,0.22,cyt,cyt
DLDH_YEAST,0.48,0.48,0.5,0.47,0.5,0,0.55,0.22,MIT,mit
LYP1_YEAST,0.46,0.14,0.36,0.21,0.5,0,0.5,0.25,cyt,cyt
LYS1_YEAST,0.5,0.45,0.48,0.17,0.5,0,0.5,0.26,CYT,cyt
LY14_YEAST,0.44,0.53,0.43,0.17,0.5,0,0.54,0.75,cyt,cyt
LYS2_YEAST,0.46,0.47,0.46,0.16,0.5,0,0.51,0.22,CYT,cyt
MAC1_YEAST,0.52,0.49,0.57,0.57,0.5,0,0.51,0.22,cyt,cyt
MAD1_YEAST,0.62,0.64,0.56,0.2,0.5,0,0.48,0.33,cyt,cyt
MAG_YEAST,0.46,0.32,0.58,0.17,0.5,0,0.61,0.25,cyt,cyt
MK11_YEAST,0.78,0.48,0.47,0.3,0.5,0,0.53,0.47,cyt,cyt
MK16_YEAST,0.49,0.62,0.65,0.18,0.5,0,0.46,0.43,cyt,cyt
MAK3_YEAST,0.5,0.34,0.62,0.19,0.5,0,0.57,0.22,CYT,cyt
MA3T_YEAST,0.39,0.37,0.33,0.23,0.5,0,0.53,0.26,cyt,cyt
MA3S_YEAST,0.39,0.37,0.56,0.15,0.5,0,0.5,0.27,CYT,cyt
MA3R_YEAST,0.33,0.37,0.54,0.28,0.5,0,0.53,0.27,cyt,cyt
MA6T_YEAST,0.39,0.37,0.33,0.23,0.5,0,0.52,0.26,cyt,cyt
MA6R_YEAST,0.33,0.38,0.53,0.26,0.5,0,0.52,0.27,cyt,cyt
AMPM_YEAST,0.48,0.51,0.57,0.24,0.5,0,0.5,0.22,CYT,cyt
MPP2_YEAST,0.5,0.62,0.54,0.66,0.5,0,0.49,0.22,MIT,mit
MPP1_YEAST,0.47,0.54,0.54,0.48,0.5,0,0.53,0.26,MIT,mit
OM20_YEAST,0.72,0.58,0.42,0.28,0.5,0,0.48,0.22,MIT,mit
MAS6_YEAST,0.41,0.41,0.51,0.19,0.5,0,0.57,0.22,MIT,mit
OM70_YEAST,0.81,0.65,0.52,0.41,0.5,0,0.57,0.26,MIT,mit
MBP1_YEAST,0.5,0.49,0.52,0.2,0.5,0,0.43,0.52,cyt,cyt
MCM1_YEAST,0.18,0.48,0.46,0.12,0.5,0,0,0.25,cyt,cyt
MCM2_YEAST,0.26,0.38,0.52,0.36,0.5,0,0.48,0.56,cyt,cyt
MCM3_YEAST,0.53,0.51,0.51,0.11,0.5,0,0.49,0.41,cyt,cyt
MDHM_YEAST,0.58,0.49,0.5,0.41,0.5,0,0.57,0.22,MIT,mit
MDHC_YEAST,0.62,0.6,0.47,0.16,0.5,0,0.53,0.22,CYT,cyt
MDHP_YEAST,0.68,0.58,0.51,0.19,0.5,0.83,0.54,0.22,cyt,cyt
MDJ1_YEAST,0.4,0.52,0.53,0.52,0.5,0,0.51,0.22,MIT,mit
MDL1_YEAST,0.51,0.47,0.41,0.44,0.5,0,0.5,0.22,cyt,cyt
MDL2_YEAST,0.72,0.56,0.4,0.26,0.5,0,0.51,0.26,cyt,cyt
MDM1_YEAST,0.49,0.44,0.45,0.22,0.5,0,0.51,0.22,CYT,cyt
MD10_YEAST,0.32,0.47,0.55,0.25,0.5,0,0.49,0.22,MIT,mit
MDS1_YEAST,0.46,0.57,0.52,0.28,0.5,0,0.52,0.22,cyt,cyt
EFG1_YEAST,0.53,0.48,0.45,0.44,0.5,0,0.49,0.27,MIT,mit
EFG2_YEAST,0.49,0.48,0.46,0.63,0.5,0,0.52,0.22,MIT,mit
MEIX_YEAST,0.7,0.53,0.42,0.22,0.5,0,0.51,0.28,cyt,cyt
AGAL_YEAST,0.68,0.68,0.49,0.15,0.5,0,0.53,0.22,cyt,cyt
MEP1_YEAST,0.47,0.6,0.35,0.21,0.5,0,0.52,0.22,cyt,cyt
MER1_YEAST,0.55,0.49,0.45,0.18,0.5,0,0.49,0.22,cyt,cyt
MER2_YEAST,0.4,0.53,0.61,0.21,0.5,0,0.48,0.33,cyt,cyt
SYMC_YEAST,0.57,0.44,0.42,0.2,0.5,0,0.54,0.22,CYT,cyt
MET2_YEAST,0.4,0.47,0.48,0.18,0.5,0,0.46,0.22,CYT,cyt
MT17_YEAST,0.34,0.54,0.54,0.13,0.5,0,0.52,0.22,CYT,cyt
MT28_YEAST,0.43,0.83,0.55,0.2,0.5,0,0.47,0.4,cyt,cyt
MET4_YEAST,0.55,0.65,0.5,0.28,0.5,0,0.55,0.22,cyt,cyt
METE_YEAST,0.29,0.46,0.54,0.27,0.5,0,0.49,0.22,CYT,cyt
MFA2_YEAST,0.46,0.42,0.6,0.21,0.5,0,0.4,0.22,cyt,cyt
MFA3_YEAST,0.8,0.81,0.55,0.35,0.5,0,0.42,0.22,cyt,cyt
MFA4_YEAST,0.79,0.74,0.49,0.33,0.5,0,0.48,0.22,cyt,cyt
GRPE_YEAST,0.45,0.48,0.63,0.67,0.5,0,0.48,0.22,MIT,mit
MGM1_YEAST,0.66,0.52,0.52,0.44,0.5,0,0.56,0.27,MIT,mit
M101_YEAST,0.5,0.49,0.59,0.47,0.5,0,0.49,0.36,MIT,mit
MGMT_YEAST,0.54,0.52,0.54,0.2,0.5,0,0.55,0.25,cyt,cyt
MIF2_YEAST,0.37,0.31,0.53,0.16,0.5,0,0.53,0.44,cyt,cyt
MIG1_YEAST,0.43,0.39,0.59,0.13,0.5,0,0.41,0.43,cyt,cyt
DPOG_YEAST,0.48,0.47,0.54,0.55,0.5,0,0.51,0.65,MIT,mit
MPCP_YEAST,0.6,0.59,0.45,0.23,0.5,0,0.55,0.22,MIT,mit
C1TM_YEAST,0.45,0.73,0.47,0.65,0.5,0,0.54,0.43,MIT,mit
MLH1_YEAST,0.66,0.54,0.49,0.16,0.5,0,0.54,0.36,cyt,cyt
MLP1_YEAST,0.46,0.55,0.61,0.13,0.5,0,0.47,0.22,CYT,cyt
MASY_YEAST,0.42,0.5,0.53,0.22,0.5,0.83,0.5,0.22,cyt,cyt
MNN1_YEAST,0.66,0.66,0.32,0.54,0.5,0,0.51,0.22,cyt,cyt
MNN9_YEAST,0.74,0.56,0.35,0.36,0.5,0,0.51,0.25,cyt,cyt
MNS1_YEAST,0.89,0.52,0.41,0.26,0.5,0,0.52,0.31,cyt,cyt
MOD5_YEAST,0.67,0.51,0.54,0.21,0.5,0,0.43,0.3,MIT,mit
MOT1_YEAST,0.58,0.46,0.46,0.34,0.5,0,0.5,0.43,cyt,cyt
MPI1_YEAST,0.4,0.68,0.5,0.82,0.5,0,0.44,0.36,MIT,mit
MPI2_YEAST,0.59,0.57,0.43,0.26,0.5,0,0.51,0.22,MIT,mit
MR11_YEAST,0.39,0.3,0.56,0.12,0.5,0,0.53,0.38,cyt,cyt
RF1M_YEAST,0.6,0.62,0.54,0.4,0.5,0,0.5,0.22,MIT,mit
RT01_YEAST,0.36,0.4,0.53,0.48,0.5,0,0.48,0.22,MIT,mit
RT13_YEAST,0.51,0.42,0.56,0.38,0.5,0,0.46,0.22,MIT,mit
RT17_YEAST,0.41,0.54,0.58,0.2,0.5,0,0.52,0.22,MIT,mit
RT02_YEAST,0.57,0.4,0.62,0.3,0.5,0,0.48,0.11,MIT,mit
RM41_YEAST,0.52,0.5,0.59,0.31,0.5,0,0.5,0.22,MIT,mit
RT04_YEAST,0.42,0.53,0.53,0.64,0.5,0,0.47,0.22,MIT,mit
RM49_YEAST,0.5,0.46,0.64,0.36,0.5,0,0.49,0.22,MIT,mit
RM02_YEAST,0.6,0.51,0.6,0.38,0.5,0.83,0.52,0.24,MIT,mit
RT08_YEAST,0.45,0.38,0.64,0.14,0.5,0,0.54,0.22,MIT,mit
RM13_YEAST,0.6,0.57,0.64,0.52,0.5,0,0.47,0.28,MIT,mit
RM16_YEAST,0.53,0.42,0.58,0.29,0.5,0,0.5,0.22,MIT,mit
RM20_YEAST,0.41,0.52,0.53,0.41,0.5,0,0.39,0.33,MIT,mit
RM25_YEAST,0.45,0.43,0.63,0.4,0.5,0,0.59,0.11,MIT,mit
RM27_YEAST,0.44,0.44,0.67,0.35,0.5,0,0.48,0.26,MIT,mit
RM31_YEAST,0.58,0.52,0.61,0.33,0.5,0,0.38,0.11,MIT,mit
RM32_YEAST,0.57,0.61,0.55,0.27,0.5,0,0.44,0.21,MIT,mit
RM33_YEAST,0.57,0.58,0.58,0.35,0.5,0,0.49,0.22,MIT,mit
RM36_YEAST,0.64,0.64,0.56,0.21,0.5,0,0.5,0.22,MIT,mit
RM37_YEAST,0.56,0.5,0.61,0.49,0.5,0,0.46,0.28,MIT,mit
RM38_YEAST,0.6,0.46,0.59,0.16,0.5,0,0.49,0.22,MIT,mit
RM04_YEAST,0.36,0.38,0.56,0.44,0.5,0,0.48,0.22,MIT,mit
RM44_YEAST,0.53,0.52,0.61,0.35,0.5,0,0.5,0.22,MIT,mit
RM06_YEAST,0.62,0.59,0.54,0.47,0.5,0,0.46,0.22,MIT,mit
RM08_YEAST,0.55,0.5,0.6,0.31,0.5,0,0.46,0.27,MIT,mit
RM09_YEAST,0.58,0.53,0.57,0.46,0.5,0,0.51,0.27,MIT,mit
RT28_YEAST,0.65,0.53,0.55,0.52,0.5,0,0.47,0.27,MIT,mit
RT05_YEAST,0.38,0.54,0.54,0.41,0.5,0,0.51,0.22,MIT,mit
RT09_YEAST,0.58,0.53,0.5,0.53,0.5,0,0.47,0.31,MIT,mit
MRS1_YEAST,0.61,0.46,0.51,0.37,0.5,0,0.51,0.22,MIT,mit
MRS2_YEAST,0.55,0.59,0.47,0.64,0.5,0,0.54,0.33,MIT,mit
MRS3_YEAST,0.54,0.64,0.5,0.13,0.5,0,0.49,0.22,MIT,mit
MRS4_YEAST,0.4,0.74,0.49,0.16,0.5,0,0.51,0.22,MIT,mit
MSB2_YEAST,0.76,0.76,0.35,0.27,0.5,0,0.44,0.22,cyt,cyt
SYDM_YEAST,0.51,0.56,0.51,0.42,0.5,0,0.53,0.36,MIT,mit
SYFM_YEAST,0.43,0.32,0.5,0.29,0.5,0,0.5,0.22,MIT,mit
MSH1_YEAST,0.49,0.44,0.45,0.55,0.5,0,0.48,0.22,MIT,mit
MSH2_YEAST,0.32,0.45,0.44,0.2,0.5,0,0.55,0.33,cyt,cyt
MSH3_YEAST,0.51,0.6,0.51,0.26,0.5,0,0.54,0.22,cyt,cyt
MSH4_YEAST,0.49,0.46,0.42,0.46,0.5,0,0.55,0.22,cyt,cyt
SYKM_YEAST,0.5,0.56,0.49,0.61,0.5,0,0.5,0.22,MIT,mit
SYMM_YEAST,0.51,0.48,0.51,0.43,0.5,0,0.49,0.22,MIT,mit
MSN1_YEAST,0.52,0.38,0.62,0.12,0.5,0,0.41,0.28,cyt,cyt
MSN2_YEAST,0.53,0.4,0.57,0.12,0.5,0,0.53,0.32,cyt,cyt
MSN4_YEAST,0.51,0.56,0.62,0.24,0.5,0,0.52,0.51,cyt,cyt
MSP1_YEAST,0.63,0.6,0.5,0.27,0.5,0,0.55,0.22,MIT,mit
SYR_YEAST,0.46,0.44,0.53,0.31,0.5,0,0.48,0.22,MIT,mit
MSS1_YEAST,0.58,0.57,0.54,0.69,0.5,0,0.54,0.22,MIT,mit
MS16_YEAST,0.61,0.59,0.47,0.49,0.5,0,0.54,0.22,MIT,mit
MS18_YEAST,0.63,0.47,0.56,0.12,0.5,0,0.5,0.22,MIT,mit
MS51_YEAST,0.55,0.53,0.54,0.4,0.5,0,0.48,0.22,MIT,mit
SYTM_YEAST,0.41,0.47,0.58,0.62,0.5,0,0.5,0.22,MIT,mit
SYWM_YEAST,0.44,0.53,0.53,0.37,0.5,0,0.51,0.22,MIT,mit
MTD1_YEAST,0.57,0.4,0.48,0.24,0.5,0,0.55,0.22,CYT,cyt
MTF1_YEAST,0.46,0.46,0.56,0.12,0.5,0,0.55,0.22,MIT,mit
RU1A_YEAST,0.47,0.46,0.55,0.28,0.5,0,0.44,0.46,cyt,cyt
YKH4_YEAST,0.39,0.35,0.49,0.17,0.5,0,0.49,0.22,cyt,cyt
MYS1_YEAST,0.58,0.38,0.4,0.21,0.5,0,0.5,0.22,CYT,cyt
MYS2_YEAST,0.53,0.41,0.5,0.24,1,0,0.47,0.22,CYT,cyt
MYS4_YEAST,0.43,0.4,0.5,0.18,0.5,0,0.5,0.28,CYT,cyt
YN19_YEAST,0.41,0.59,0.46,0.19,0.5,0,0.36,0.22,cyt,cyt
YN46_YEAST,0.58,0.56,0.52,0.25,0.5,0,0.57,0.35,cyt,cyt
YN70_YEAST,0.51,0.65,0.53,0.19,0.5,0,0.49,0.22,cyt,cyt
YN94_YEAST,0.81,0.79,0.32,0.37,0.5,0,0.41,0.22,cyt,cyt
YNE2_YEAST,0.44,0.41,0.29,0.21,0.5,0,0.49,0.22,cyt,cyt
NAB1_YEAST,0.49,0.6,0.55,0.17,0.5,0,0.44,0.22,CYT,cyt
NAB2_YEAST,0.56,0.63,0.52,0.2,0.5,0,0.34,0.26,cyt,cyt
NAB3_YEAST,0.42,0.28,0.57,0.18,0.5,0,0.42,0.22,cyt,cyt
NAM1_YEAST,0.51,0.46,0.54,0.41,0.5,0,0.53,0.22,MIT,mit
SYLM_YEAST,0.6,0.51,0.52,0.45,0.5,0,0.5,0.27,MIT,mit
NAM7_YEAST,0.37,0.41,0.45,0.14,0.5,0,0.47,0.22,CYT,cyt
NAM9_YEAST,0.37,0.51,0.57,0.4,0.5,0,0.48,0.27,MIT,mit
NAP1_YEAST,0.36,0.39,0.55,0.26,0.5,0,0.49,0.22,cyt,cyt
NAT1_YEAST,0.5,0.36,0.53,0.41,0.5,0,0.55,0.36,CYT,cyt
NAT2_YEAST,0.59,0.58,0.39,0.52,0.5,0,0.5,0.31,CYT,cyt
NCPR_YEAST,0.78,0.63,0.53,0.13,0.5,0,0.54,0.22,cyt,cyt
NDC1_YEAST,0.47,0.59,0.37,0.31,0.5,0,0.51,0.36,cyt,cyt
CB31_YEAST,0.48,0.62,0.52,0.3,0.5,0,0.51,0.37,cyt,cyt
NDI1_YEAST,0.53,0.61,0.51,0.49,0.5,0,0.54,0.27,MIT,mit
NFS1_YEAST,0.48,0.54,0.53,0.6,0.5,0,0.53,0.31,cyt,cyt
ADA3_YEAST,0.33,0.46,0.53,0.29,0.5,0,0.5,0.55,cyt,cyt
NHP2_YEAST,0.36,0.44,0.51,0.17,0.5,0,0.6,0.19,cyt,cyt
NHPA_YEAST,0.39,0.34,0.68,0.3,0.5,0,0.5,0.29,cyt,cyt
NHPB_YEAST,0.11,0.41,0.67,0.13,0.5,0,0.45,0.29,cyt,cyt
NI96_YEAST,0.4,0.53,0.44,0.18,0.5,0,0.54,0.31,cyt,cyt
NIN1_YEAST,0.47,0.5,0.55,0.19,0.5,0,0.62,0.22,CYT,cyt
NIP1_YEAST,0.35,0.5,0.44,0.27,0.5,0,0.51,0.22,CYT,cyt
NMD2_YEAST,0.36,0.3,0.5,0.19,0.5,0,0.55,0.3,cyt,cyt
NMT_YEAST,0.49,0.44,0.51,0.18,0.5,0,0.52,0.27,CYT,cyt
FBRL_YEAST,0.35,0.44,0.54,0.26,0.5,0,0.52,0.26,cyt,cyt
NOP2_YEAST,0.43,0.28,0.53,0.34,0.5,0,0.55,0.57,cyt,cyt
NOP4_YEAST,0.33,0.48,0.55,0.16,0.5,0,0.53,0.75,cyt,cyt
NOT3_YEAST,0.45,0.21,0.49,0.24,0.5,0,0.46,0.31,cyt,cyt
NOP3_YEAST,0.44,0.34,0.61,0.13,0.5,0,0.49,0.26,cyt,cyt
NSP1_YEAST,0.87,0.47,0.6,0.47,0.5,0,0.59,0.22,cyt,cyt
NSR1_YEAST,0.3,0.55,0.58,0.16,0.5,0,0.61,0.28,cyt,cyt
TREA_YEAST,0.29,0.34,0.55,0.24,0.5,0,0.51,0.22,CYT,cyt
cyt1_YEAST,0.75,0.67,0.51,0.29,0.5,0,0.52,0.36,MIT,mit
RNC1_YEAST,0.47,0.47,0.5,0.15,0.5,0,0.5,0.48,cyt,cyt
NUF1_YEAST,0.51,0.34,0.49,0.16,0.5,0,0.53,0.21,cyt,cyt
NUF2_YEAST,0.64,0.76,0.51,0.18,0.5,0,0.46,0.22,cyt,cyt
NUP1_YEAST,0.45,0.41,0.58,0.48,0.5,0,0.53,0.64,cyt,cyt
N100_YEAST,0.9,0.54,0.59,0.2,0.5,0,0.48,0.22,cyt,cyt
N116_YEAST,0.88,0.59,0.54,0.39,0.5,0,0.41,0.3,cyt,cyt
YK62_YEAST,0.7,0.51,0.47,0.24,0.5,0,0.53,0.25,cyt,cyt
NUP2_YEAST,0.25,0.36,0.58,0.3,0.5,0,0.58,0.31,cyt,cyt
NU49_YEAST,0.69,0.62,0.49,0,1,0,0.47,0.22,cyt,cyt
OCH1_YEAST,0.83,0.57,0.42,0.57,0.5,0,0.5,0.32,cyt,cyt
ACO1_YEAST,0.43,0.38,0.38,0.12,0.5,0,0.5,0.22,cyt,cyt
ATP9_YEAST,0.78,0.65,0.4,0.16,0.5,0,0.63,0.22,MIT,mit
ATP6_YEAST,0.52,0.64,0.34,0.16,0.5,0,0.57,0.22,MIT,mit
OM45_YEAST,0.75,0.66,0.64,0.39,0.5,0,0.46,0.32,MIT,mit
PORI_YEAST,0.41,0.49,0.58,0.22,0.5,0,0.52,0.22,MIT,mit
OPI1_YEAST,0.58,0.51,0.56,0.16,0.5,0,0.34,0.22,cyt,cyt
PEM2_YEAST,0.48,0.49,0.45,0.23,0.5,0,0.51,0.22,cyt,cyt
ORC2_YEAST,0.39,0.42,0.49,0.1,0.5,0,0.49,0.65,cyt,cyt
YHR8_YEAST,0.31,0.42,0.48,0.17,0.5,0,0.49,0.53,cyt,cyt
YM38_YEAST,0.39,0.28,0.54,0.14,0.5,0,0.59,0.22,MIT,mit
YINO_YEAST,0.76,0.67,0.37,0.22,0.5,0,0.54,0.22,cyt,cyt
YDA2_YEAST,0.49,0.27,0.57,0.18,0.5,0.83,0.54,0.22,cyt,cyt
PABP_YEAST,0.28,0.48,0.56,0.16,0.5,0,0.48,0.26,CYT,cyt
PAN1_YEAST,0.69,0.39,0.52,0.12,0.5,0,0.38,0.35,CYT,cyt
PAP_YEAST,0.64,0.52,0.5,0.26,0.5,0,0.51,0.31,cyt,cyt
PAS1_YEAST,0.56,0.48,0.5,0.3,0.5,0,0.51,0.22,CYT,cyt
PTSR_YEAST,0.5,0.5,0.54,0.16,0.5,0,0.49,0.22,cyt,cyt
UBCX_YEAST,0.47,0.43,0.59,0.27,0.5,0,0.55,0.22,cyt,cyt
PAS3_YEAST,0.68,0.59,0.44,0.49,0.5,0,0.4,0.26,cyt,cyt
PAS7_YEAST,0.5,0.51,0.57,0.27,0.5,0,0.48,0.22,cyt,cyt
IPB2_YEAST,0.45,0.46,0.61,0.2,0.5,0,0.62,0.22,CYT,cyt
ATC2_YEAST,0.53,0.51,0.36,0.13,0.5,0,0.52,0.22,cyt,cyt
ODPA_YEAST,0.6,0.54,0.54,0.53,0.5,0,0.52,0.27,MIT,mit
ODPB_YEAST,0.49,0.52,0.53,0.7,0.5,0,0.51,0.22,MIT,mit
DCP1_YEAST,0.49,0.45,0.53,0.16,0.5,0,0.49,0.31,CYT,cyt
PDC2_YEAST,0.51,0.46,0.57,0.25,0.5,0,0.53,0.22,CYT,cyt
DCP2_YEAST,0.49,0.45,0.46,0.18,0.5,0,0.49,0.31,CYT,cyt
DCP3_YEAST,0.52,0.46,0.51,0.18,0.5,0,0.5,0.22,CYT,cyt
CNA1_YEAST,0.55,0.59,0.52,0.1,0.5,0,0.53,0.22,CYT,cyt
CNA2_YEAST,0.39,0.58,0.5,0.1,0.5,0,0.51,0.25,CYT,cyt
PDI_YEAST,0.7,0.84,0.49,0.28,1,0,0.58,0.22,cyt,cyt
PDR1_YEAST,0.33,0.38,0.45,0.19,0.5,0,0.54,0.37,cyt,cyt
PDR3_YEAST,0.61,0.46,0.44,0.47,0.5,0,0.5,0.37,cyt,cyt
PDR5_YEAST,0.41,0.48,0.38,0.13,0.5,0,0.51,0.35,cyt,cyt
PDS1_YEAST,0.37,0.42,0.6,0.13,0.5,0,0.51,0.22,cyt,cyt
ODPX_YEAST,0.45,0.58,0.59,0.44,0.5,0,0.56,0.22,MIT,mit
PEP1_YEAST,0.74,0.89,0.32,0.24,0.5,0,0.54,0.32,cyt,cyt
PE12_YEAST,0.28,0.46,0.26,0.18,0.5,0,0.39,0.22,cyt,cyt
PEP3_YEAST,0.51,0.46,0.49,0.21,0.5,0,0.55,0.22,cyt,cyt
CARP_YEAST,0.8,0.82,0.57,0.26,0.5,0,0.57,0.27,cyt,cyt
END1_YEAST,0.46,0.49,0.45,0.28,0.5,0,0.55,0.22,cyt,cyt
PEP8_YEAST,0.4,0.36,0.55,0.15,0.5,0,0.53,0.22,cyt,cyt
PES4_YEAST,0.67,0.46,0.58,0.3,0.5,0,0.57,0.27,cyt,cyt
PT11_YEAST,0.5,0.32,0.49,0.49,0.5,0,0.48,0.32,MIT,mit
PT12_YEAST,0.45,0.53,0.47,0.43,0.5,0,0.5,0.27,MIT,mit
PT17_YEAST,0.75,0.6,0.43,0.35,0.5,0,0.45,0.27,MIT,mit
PT22_YEAST,0.56,0.68,0.52,0.39,0.5,0,0.36,0.22,MIT,mit
RTPT_YEAST,0.48,0.45,0.59,0.35,0.5,0,0.55,0.3,MIT,mit
PT27_YEAST,0.26,0.28,0.6,0.2,0.5,0,0.54,0.31,MIT,mit
PT91_YEAST,0.59,0.45,0.58,0.21,0.5,0,0.49,0.22,MIT,mit
PT09_YEAST,0.48,0.52,0.49,0.35,0.5,0.5,0.51,0.22,MIT,mit
PT94_YEAST,0.59,0.58,0.47,0.61,0.5,0,0.44,0.3,MIT,mit
PT54_YEAST,0.5,0.57,0.62,0.25,0.5,0,0.51,0.22,MIT,mit
K6P1_YEAST,0.57,0.49,0.5,0.2,0.5,0,0.51,0.28,CYT,cyt
K6P2_YEAST,0.62,0.43,0.49,0.29,0.5,0,0.5,0.27,CYT,cyt
6P2K_YEAST,0.45,0.41,0.49,0.14,1,0,0.53,0.3,CYT,cyt
PROF_YEAST,0.47,0.49,0.6,0.15,0.5,0,0.38,0.22,CYT,cyt
PGD1_YEAST,0.41,0.48,0.54,0.24,0.5,0,0.37,0.51,cyt,cyt
G6PI_YEAST,0.46,0.46,0.53,0.23,0.5,0,0.51,0.22,CYT,cyt
PGK_YEAST,0.48,0.42,0.48,0.19,0.5,0,0.58,0.22,CYT,cyt
PGM1_YEAST,0.43,0.45,0.53,0.19,0.5,0,0.56,0.22,CYT,cyt
PGM2_YEAST,0.28,0.36,0.55,0.15,0.5,0,0.57,0.22,CYT,cyt
PHD1_YEAST,0.48,0.46,0.58,0.26,0.5,0,0.44,0.22,cyt,cyt
PPAB_YEAST,0.74,0.72,0.5,0.28,0.5,0,0.5,0.27,cyt,cyt
PPAC_YEAST,0.74,0.72,0.5,0.28,0.5,0,0.49,0.27,cyt,cyt
PNPP_YEAST,0.38,0.62,0.52,0.14,0.5,0,0.53,0.22,CYT,cyt
PPA3_YEAST,0.77,0.72,0.48,0.26,0.5,0,0.51,0.22,cyt,cyt
PHO4_YEAST,0.44,0.42,0.57,0.22,0.5,0,0.5,0.25,cyt,cyt
PPA5_YEAST,0.74,0.74,0.51,0.27,0.5,0,0.5,0.22,cyt,cyt
PPB_YEAST,0.39,0.81,0.35,0.28,0.5,0,0.51,0.45,cyt,cyt
PH80_YEAST,0.53,0.54,0.43,0.18,0.5,0,0.53,0.31,cyt,cyt
PH84_YEAST,0.38,0.45,0.37,0.19,0.5,0,0.52,0.3,cyt,cyt
PH85_YEAST,0.4,0.37,0.54,0.13,0.5,0,0.48,0.22,cyt,cyt
YCS7_YEAST,0.31,0.3,0.34,0.19,0.5,0,0.55,0.3,cyt,cyt
PHR_YEAST,0.5,0.42,0.57,0.49,0.5,0,0.48,0.27,cyt,cyt
PIF1_YEAST,0.59,0.61,0.51,0.62,0.5,0,0.51,0.38,MIT,mit
PIK1_YEAST,0.45,0.4,0.43,0.22,0.5,0,0.51,0.48,cyt,cyt
LONM_YEAST,0.47,0.54,0.53,0.77,0.5,0,0.52,0.36,MIT,mit
PIR1_YEAST,0.77,0.78,0.51,0.28,0.5,0,0.33,0.22,cyt,cyt
H150_YEAST,0.74,0.71,0.52,0.3,0.5,0,0.27,0.22,cyt,cyt
PIR3_YEAST,0.77,0.73,0.51,0.27,0.5,0,0.34,0.22,cyt,cyt
PIS_YEAST,0.47,0.61,0.5,0.23,0.5,0,0.49,0.22,cyt,cyt
PLB1_YEAST,0.78,0.69,0.44,0.26,0.5,0,0.54,0.22,cyt,cyt
ATH1_YEAST,0.49,0.6,0.3,0.34,0.5,0,0.5,0.43,cyt,cyt
ATH2_YEAST,0.27,0.56,0.3,0.14,0.5,0,0.52,0.39,cyt,cyt
ATC3_YEAST,0.4,0.39,0.33,0.17,0.5,0,0.51,0.31,cyt,cyt
MANA_YEAST,0.55,0.51,0.54,0.2,0.5,0,0.56,0.22,CYT,cyt
PMP1_YEAST,0.95,0.71,0.27,0.39,0.5,0,0.31,0.22,cyt,cyt
PMP2_YEAST,0.97,0.71,0.29,0.42,0.5,0,0.35,0.22,cyt,cyt
ATC1_YEAST,0.44,0.43,0.34,0.21,0.5,0,0.55,0.4,cyt,cyt
ATN1_YEAST,0.39,0.49,0.3,0.19,0.5,0,0.52,0.31,cyt,cyt
PMS1_YEAST,0.38,0.48,0.51,0.13,0.5,0,0.5,0.32,cyt,cyt
PMT1_YEAST,0.37,0.51,0.39,0.18,0.5,0,0.51,0.27,cyt,cyt
PMT2_YEAST,0.27,0.49,0.36,0.26,0.5,0,0.49,0.26,cyt,cyt
POB1_YEAST,0.49,0.48,0.52,0.2,0.5,0,0.55,0.22,cyt,cyt
DPOA_YEAST,0.36,0.39,0.54,0.16,0.5,0,0.5,0.28,cyt,cyt
DPO2_YEAST,0.54,0.53,0.48,0.14,0.5,0,0.49,0.33,cyt,cyt
DPOE_YEAST,0.37,0.48,0.5,0.26,0.5,0,0.52,0.39,cyt,cyt
DPOD_YEAST,0.25,0.39,0.5,0.23,0.5,0,0.5,0.28,cyt,cyt
PCNA_YEAST,0.49,0.71,0.54,0.13,0.5,0,0.58,0.22,cyt,cyt
DPO4_YEAST,0.56,0.5,0.56,0.26,0.5,0,0.53,0.27,cyt,cyt
P152_YEAST,0.41,0.53,0.41,0.15,0.5,0,0.54,0.25,cyt,cyt
POP2_YEAST,0.5,0.45,0.53,0.21,0.5,0,0.28,0.22,cyt,cyt
CAO_YEAST,0.46,0.37,0.48,0.36,0.5,0,0.48,0.22,cyt,cyt
PPA1_YEAST,0.66,0.55,0.34,0.2,0.5,0,0.62,0.22,cyt,cyt
IPY2_YEAST,0.42,0.65,0.58,0.34,0.5,0,0.5,0.22,MIT,mit
PPCK_YEAST,0.45,0.47,0.53,0.15,0.5,0,0.52,0.27,CYT,cyt
PPR1_YEAST,0.42,0.28,0.51,0.23,0.5,0,0.53,0.27,cyt,cyt
PPX1_YEAST,0.51,0.48,0.46,0.29,0.5,0,0.54,0.22,CYT,cyt
PRTB_YEAST,0.75,0.69,0.48,0.13,0.5,0,0.57,0.4,cyt,cyt
CBPY_YEAST,0.69,0.7,0.5,0.3,0.5,0,0.54,0.22,cyt,cyt
PRTD_YEAST,0.63,0.55,0.53,0.51,0.5,0,0.55,0.22,cyt,cyt
PRCG_YEAST,0.55,0.63,0.54,0.16,0.5,0,0.45,0.27,CYT,cyt
PRCE_YEAST,0.46,0.62,0.54,0.25,0.5,0,0.46,0.22,CYT,cyt
PRCD_YEAST,0.53,0.59,0.48,0.14,0.5,0,0.51,0.22,CYT,cyt
PRCH_YEAST,0.42,0.53,0.57,0.17,0.5,0,0.49,0.22,CYT,cyt
PRC2_YEAST,0.52,0.46,0.56,0.2,0.5,0,0.5,0.22,CYT,cyt
PRC6_YEAST,0.53,0.43,0.57,0.24,0.5,0,0.39,0.28,CYT,cyt
PRI1_YEAST,0.33,0.35,0.56,0.19,0.5,0,0.5,0.22,cyt,cyt
PRI2_YEAST,0.45,0.48,0.56,0.56,0.5,0,0.47,0.22,cyt,cyt
PROB_YEAST,0.56,0.48,0.5,0.17,0.5,0,0.51,0.26,CYT,cyt
PROC_YEAST,0.77,0.57,0.45,0.17,0.5,0,0.53,0.22,CYT,cyt
PR16_YEAST,0.56,0.59,0.54,0.18,0.5,0,0.48,0.46,cyt,cyt
PR18_YEAST,0.33,0.39,0.52,0.09,0.5,0,0.47,0.28,cyt,cyt
PR19_YEAST,0.48,0.41,0.54,0.39,0.5,0,0.51,0.22,cyt,cyt
PR02_YEAST,0.3,0.3,0.46,0.32,0.5,0,0.45,0.22,cyt,cyt
PR21_YEAST,0.38,0.26,0.6,0.1,0.5,0,0.48,0.44,cyt,cyt
PR22_YEAST,0.68,0.39,0.5,0.15,0.5,0,0.48,0.37,cyt,cyt
PR28_YEAST,0.62,0.41,0.52,0.17,0.5,0,0.48,0.22,cyt,cyt
PR38_YEAST,0.52,0.37,0.48,0.13,0.5,0,0.55,0.22,cyt,cyt
PR39_YEAST,0.32,0.48,0.49,0.17,0.5,0,0.47,0.22,cyt,cyt
PR04_YEAST,0.34,0.35,0.58,0.2,0.5,0,0.46,0.32,cyt,cyt
PR05_YEAST,0.33,0.21,0.53,0.15,1,0,0.52,0.5,cyt,cyt
PR06_YEAST,0.49,0.45,0.57,0.24,0.5,0,0.47,0.38,cyt,cyt
PR08_YEAST,0.4,0.28,0.48,0.06,0.5,0,0.49,0.42,cyt,cyt
PR09_YEAST,0.51,0.39,0.56,0.25,0.5,0,0.51,0.33,cyt,cyt
PRC8_YEAST,0.45,0.45,0.52,0.17,0.5,0,0.54,0.22,CYT,cyt
PRC5_YEAST,0.28,0.51,0.55,0.19,0.5,0,0.57,0.22,CYT,cyt
PRC3_YEAST,0.51,0.51,0.56,0.28,0.5,0,0.54,0.27,CYT,cyt
PRC9_YEAST,0.48,0.56,0.49,0.32,0.5,0,0.5,0.22,CYT,cyt
PRT1_YEAST,0.59,0.46,0.48,0.46,0.5,0,0.49,0.22,CYT,cyt
DPSD_YEAST,0.51,0.46,0.4,0.65,0.5,0,0.49,0.22,MIT,mit
SNM1_YEAST,0.37,0.44,0.51,0.56,0.5,0,0.5,0.38,cyt,cyt
PTM1_YEAST,0.81,0.55,0.35,0.34,0.5,0,0.51,0.22,cyt,cyt
PTP1_YEAST,0.53,0.45,0.53,0.18,0.5,0,0.42,0.22,CYT,cyt
PTP2_YEAST,0.45,0.27,0.5,0.33,0.5,0,0.53,0.26,CYT,cyt
PTR2_YEAST,0.36,0.33,0.38,0.15,0.5,0,0.55,0.36,cyt,cyt
PUB1_YEAST,0.48,0.5,0.56,0.11,0.5,0,0.33,0.22,CYT,cyt
PRCF_YEAST,0.35,0.47,0.53,0.19,0.5,0,0.48,0.22,CYT,cyt
PRCZ_YEAST,0.48,0.48,0.56,0.18,0.5,0,0.58,0.22,CYT,cyt
PUT1_YEAST,0.6,0.59,0.47,0.47,0.5,0,0.53,0.22,MIT,mit
PUT2_YEAST,0.45,0.53,0.51,0.42,0.5,0,0.52,0.22,MIT,mit
PUT3_YEAST,0.29,0.4,0.41,0.48,0.5,0,0.53,0.3,cyt,cyt
PUT4_YEAST,0.58,0.53,0.33,0.26,0.5,0,0.51,0.22,cyt,cyt
PYC1_YEAST,0.46,0.43,0.5,0.24,0.5,0,0.48,0.31,CYT,cyt
PYC2_YEAST,0.43,0.46,0.5,0.21,0.5,0,0.49,0.34,CYT,cyt
KPYK_YEAST,0.61,0.55,0.51,0.26,0.5,0,0.52,0.22,CYT,cyt
UCRX_YEAST,0.5,0.62,0.52,0.3,0.5,0,0.56,0.22,MIT,mit
UCR2_YEAST,0.49,0.45,0.54,0.4,0.5,0,0.55,0.22,MIT,mit
UCR6_YEAST,0.64,0.53,0.59,0.14,0.5,0,0.53,0.22,MIT,mit
UCRQ_YEAST,0.57,0.6,0.54,0.17,0.5,0,0.52,0.22,MIT,mit
UCR8_YEAST,0.38,0.31,0.59,0.19,0.5,0,0.46,0.22,MIT,mit
UCR9_YEAST,0.68,0.53,0.44,0.31,0.5,0,0.51,0.22,MIT,mit
RAD1_YEAST,0.24,0.41,0.47,0.16,0.5,0,0.51,0.38,cyt,cyt
RA10_YEAST,0.61,0.39,0.53,0.14,0.5,0,0.43,0.26,cyt,cyt
RA14_YEAST,0.39,0.16,0.59,0.08,0.5,0,0.51,0.27,cyt,cyt
RA16_YEAST,0.33,0.28,0.5,0.4,0.5,0,0.46,0.61,cyt,cyt
RA18_YEAST,0.51,0.55,0.56,0.18,0.5,0,0.5,0.38,cyt,cyt
RAD2_YEAST,0.39,0.44,0.54,0.24,0.5,0,0.51,0.49,cyt,cyt
RA23_YEAST,0.43,0.48,0.53,0.18,0.5,0,0.46,0.22,cyt,cyt
RA26_YEAST,0.47,0.43,0.48,0.16,0.5,0,0.46,0.27,cyt,cyt
RAD3_YEAST,0.52,0.5,0.51,0.2,0.5,0,0.51,0.22,cyt,cyt
RAD4_YEAST,0.33,0.28,0.52,0.15,0.5,0,0.51,0.86,cyt,cyt
RAD5_YEAST,0.36,0.48,0.5,0.13,0.5,0,0.49,0.6,cyt,cyt
RA50_YEAST,0.45,0.54,0.49,0.29,0.5,0,0.49,0.25,cyt,cyt
RA51_YEAST,0.55,0.59,0.53,0.15,0.5,0,0.49,0.22,cyt,cyt
RA52_YEAST,0.31,0.39,0.55,0.28,0.5,0,0.46,0.31,cyt,cyt
RA54_YEAST,0.43,0.41,0.51,0.34,0.5,0,0.49,0.28,cyt,cyt
RA55_YEAST,0.64,0.5,0.53,0.1,0.5,0,0.51,0.22,cyt,cyt
RA57_YEAST,0.41,0.52,0.56,0.26,0.5,0,0.48,0.32,cyt,cyt
UBC2_YEAST,0.48,0.47,0.59,0.41,0.5,0,0.56,0.27,cyt,cyt
RAD7_YEAST,0.49,0.49,0.51,0.29,0.5,0,0.52,0.71,cyt,cyt
RAD9_YEAST,0.41,0.52,0.51,0.22,0.5,0,0.52,0.44,cyt,cyt
SRS2_YEAST,0.51,0.61,0.5,0.23,0.5,0,0.52,0.61,cyt,cyt
RAM1_YEAST,0.59,0.47,0.51,0.53,0.5,0,0.53,0.26,CYT,cyt
RAM2_YEAST,0.4,0.6,0.5,0.16,0.5,0,0.51,0.22,CYT,cyt
RAP1_YEAST,0.54,0.53,0.53,0.17,0.5,0,0.51,0.39,cyt,cyt
RAS1_YEAST,0.61,0.46,0.54,0.11,0.5,0,0.47,0.22,CYT,cyt
RAS2_YEAST,0.66,0.55,0.54,0.18,0.5,0,0.43,0.22,CYT,cyt
RAT1_YEAST,0.53,0.46,0.54,0.37,0.5,0,0.51,0.3,cyt,cyt
RCA1_YEAST,0.41,0.41,0.43,0.61,0.5,0,0.53,0.22,MIT,mit
REB1_YEAST,0.58,0.31,0.6,0.12,0.5,0,0.47,0.33,cyt,cyt
R102_YEAST,0.49,0.67,0.5,0.28,0.5,0,0.43,0.22,cyt,cyt
R104_YEAST,0.44,0.33,0.55,0.16,0.5,0,0.49,0.22,cyt,cyt
R114_YEAST,0.44,0.45,0.53,0.19,0.5,0,0.41,0.28,cyt,cyt
RED1_YEAST,0.57,0.55,0.52,0.16,0.5,0,0.49,0.39,cyt,cyt
RER1_YEAST,0.45,0.66,0.39,0.11,0.5,0,0.54,0.22,cyt,cyt
Dcyt_YEAST,0.32,0.49,0.53,0.28,0.5,0,0.5,0.5,cyt,cyt
RFA1_YEAST,0.35,0.42,0.56,0.28,0.5,0,0.47,0.22,cyt,cyt
RFA2_YEAST,0.46,0.41,0.58,0.1,0.5,0,0.48,0.22,cyt,cyt
RFA3_YEAST,0.57,0.51,0.58,0.22,0.5,0,0.51,0.22,cyt,cyt
RFC2_YEAST,0.47,0.47,0.54,0.19,0.5,0,0.51,0.33,cyt,cyt
RFC3_YEAST,0.34,0.58,0.5,0.26,0.5,0,0.51,0.22,cyt,cyt
RFC4_YEAST,0.55,0.45,0.58,0.25,0.5,0,0.49,0.22,cyt,cyt
RFT1_YEAST,0.4,0.66,0.34,0.21,0.5,0,0.52,0.26,cyt,cyt
RGM1_YEAST,0.42,0.21,0.59,0.3,0.5,0,0.47,0.27,cyt,cyt
RHO1_YEAST,0.6,0.48,0.46,0.32,0.5,0,0.4,0.33,CYT,cyt
RHO2_YEAST,0.64,0.44,0.51,0.35,0.5,0,0.53,0.22,CYT,cyt
RIF1_YEAST,0.35,0.4,0.44,0.25,0.5,0,0.53,0.57,cyt,cyt
RIM1_YEAST,0.55,0.38,0.64,0.42,0.5,0,0.47,0.22,MIT,mit
RIM2_YEAST,0.45,0.43,0.5,0.25,0.5,0,0.47,0.22,MIT,mit
UCRI_YEAST,0.47,0.53,0.48,0.51,0.5,0,0.54,0.22,MIT,mit
Rcyt_YEAST,0.45,0.49,0.57,0.25,0.5,0,0.48,0.22,cyt,cyt
RNA1_YEAST,0.45,0.52,0.5,0.12,0.5,0,0.6,0.22,CYT,cyt
RN12_YEAST,0.56,0.51,0.32,0.49,0.5,0,0.48,0.22,cyt,cyt
RN14_YEAST,0.37,0.58,0.5,0.22,0.5,0,0.47,0.22,cyt,cyt
RN15_YEAST,0.47,0.45,0.51,0.33,0.5,0,0.46,0.26,cyt,cyt
ROX1_YEAST,0.5,0.36,0.64,0.37,0.5,0,0.37,0.33,cyt,cyt
ROX3_YEAST,0.43,0.44,0.64,0.19,0.5,0,0.38,0.33,cyt,cyt
RS3A_YEAST,0.38,0.4,0.59,0.25,0.5,0,0.44,0.22,CYT,cyt
RS3B_YEAST,0.39,0.39,0.59,0.25,0.5,0,0.45,0.22,CYT,cyt
R13A_YEAST,0.54,0.55,0.56,0.14,0.5,0,0.5,0.25,CYT,cyt
RL18_YEAST,0.45,0.5,0.57,0.29,0.5,0,0.44,0.11,CYT,cyt
RL18_YEAST,0.45,0.5,0.57,0.29,0.5,0,0.44,0.11,CYT,cyt
RS24_YEAST,0.61,0.38,0.57,0.36,0.5,0,0.44,0.21,CYT,cyt
RS24_YEAST,0.61,0.38,0.57,0.36,0.5,0,0.44,0.21,CYT,cyt
R17A_YEAST,0.43,0.33,0.54,0.37,0.5,0,0.38,0.16,CYT,cyt
R17B_YEAST,0.43,0.33,0.54,0.37,0.5,0,0.38,0.16,CYT,cyt
R61A_YEAST,0.51,0.39,0.58,0.19,0.5,0,0.47,0.22,CYT,cyt
RPA9_YEAST,0.72,0.51,0.52,0.08,0.5,0,0.54,0.22,cyt,cyt
RPA2_YEAST,0.35,0.41,0.53,0.27,0.5,0,0.47,0.29,cyt,cyt
RPA1_YEAST,0.56,0.49,0.54,0.15,0.5,0,0.5,0.35,cyt,cyt
RPA3_YEAST,0.57,0.37,0.43,0.27,0.5,0,0.53,0.28,cyt,cyt
RPBX_YEAST,0.57,0.49,0.61,0.26,0.5,0,0.52,0.22,cyt,cyt
RPBY_YEAST,0.48,0.45,0.63,0.19,0.5,0,0.58,0.22,cyt,cyt
RPB2_YEAST,0.34,0.48,0.47,0.19,0.5,0,0.5,0.3,cyt,cyt
RPB3_YEAST,0.54,0.57,0.55,0.18,0.5,0,0.5,0.22,cyt,cyt
RPB4_YEAST,0.38,0.44,0.55,0.44,0.5,0,0.47,0.51,cyt,cyt
RPB5_YEAST,0.4,0.3,0.57,0.13,0.5,0,0.46,0.22,cyt,cyt
RPB6_YEAST,0.27,0.31,0.55,0.13,0.5,0,0.5,0.22,cyt,cyt
RPB7_YEAST,0.52,0.46,0.56,0.25,0.5,0,0.52,0.22,cyt,cyt
RPB8_YEAST,0.44,0.5,0.55,0.24,0.5,0,0.48,0.22,cyt,cyt
RPB9_YEAST,0.34,0.47,0.48,0.32,0.5,0,0.42,0.22,cyt,cyt
RPCX_YEAST,0.5,0.56,0.63,0.25,0.5,0,0.42,0.22,cyt,cyt
RPC2_YEAST,0.46,0.53,0.47,0.37,0.5,0,0.51,0.36,cyt,cyt
RPC9_YEAST,0.31,0.6,0.65,0.18,0.5,0,0.46,0.22,cyt,cyt
RPC8_YEAST,0.57,0.42,0.63,0.22,0.5,0,0.68,0.32,cyt,cyt
RPC6_YEAST,0.37,0.45,0.53,0.14,0.5,0,0.49,0.22,cyt,cyt
RPC5_YEAST,0.38,0.38,0.54,0.24,0.5,0,0.54,0.22,cyt,cyt
RPC4_YEAST,0.36,0.49,0.55,0.21,0.5,0,0.55,0.33,cyt,cyt
RPC3_YEAST,0.29,0.4,0.5,0.16,0.5,0,0.51,0.34,cyt,cyt
RPD3_YEAST,0.37,0.3,0.51,0.15,0.5,0,0.58,0.26,cyt,cyt
RL1_YEAST,0.35,0.33,0.48,0.42,0.5,0,0.47,0.43,CYT,cyt
RL15_YEAST,0.46,0.35,0.69,0.18,0.5,0,0.3,0.25,CYT,cyt
RL15_YEAST,0.46,0.35,0.69,0.18,0.5,0,0.3,0.25,CYT,cyt
R14A_YEAST,0.57,0.43,0.52,0.3,0.5,0,0.37,0.11,CYT,cyt
R14B_YEAST,0.57,0.43,0.52,0.3,0.5,0,0.37,0.11,CYT,cyt
RL12_YEAST,0.59,0.51,0.48,0.12,0.5,0,0.54,0.31,CYT,cyt
RL12_YEAST,0.59,0.51,0.48,0.12,0.5,0,0.54,0.31,CYT,cyt
RL16_YEAST,0.61,0.53,0.59,0.17,0.5,0,0.44,0.28,CYT,cyt
RL1A_YEAST,0.61,0.48,0.56,0.19,0.5,0,0.53,0.31,CYT,cyt
RL1A_YEAST,0.61,0.48,0.56,0.19,0.5,0,0.53,0.31,CYT,cyt
R16A_YEAST,0.44,0.56,0.52,0.18,0.5,0,0.5,0.11,CYT,cyt
R16B_YEAST,0.36,0.56,0.52,0.18,0.5,0,0.45,0.16,CYT,cyt
RL17_YEAST,0.37,0.44,0.64,0.48,0.5,0,0.36,0.27,CYT,cyt
RL19_YEAST,0.72,0.37,0.63,0.38,0.5,0,0.4,0.14,CYT,cyt
RL19_YEAST,0.72,0.37,0.63,0.38,0.5,0,0.4,0.14,CYT,cyt
RL25_YEAST,0.44,0.36,0.64,0.45,0.5,0,0.53,0.11,CYT,cyt
RL27_YEAST,0.58,0.45,0.55,0.27,0.5,0,0.48,0.11,CYT,cyt
RL2_YEAST,0.63,0.64,0.45,0.26,0.5,0,0.43,0.22,CYT,cyt
RL2_YEAST,0.63,0.64,0.45,0.26,0.5,0,0.43,0.22,CYT,cyt
RL3A_YEAST,0.43,0.33,0.67,0.12,0.5,0,0.45,0.23,CYT,cyt
RL3B_YEAST,0.43,0.33,0.67,0.12,0.5,0,0.43,0.23,CYT,cyt
RL3E_YEAST,0.58,0.44,0.5,0.26,0.5,0,0.52,0.22,CYT,cyt
RL34_YEAST,0.38,0.43,0.53,0.22,0.5,0,0.48,0.11,CYT,cyt
R37A_YEAST,0.4,0.45,0.61,0.29,0.5,0,0.44,0.22,CYT,cyt
R37B_YEAST,0.4,0.45,0.61,0.29,0.5,0,0.44,0.22,CYT,cyt
RL44_YEAST,0.34,0.34,0.65,0.4,0.5,0,0.32,0.16,CYT,cyt
RL44_YEAST,0.34,0.34,0.65,0.4,0.5,0,0.32,0.16,CYT,cyt
RL46_YEAST,0.43,0.22,0.79,0.79,0.5,0,0.22,0,CYT,cyt
RL41_YEAST,0.35,0.21,1,0.8,0.5,0,0.13,0.01,CYT,cyt
RL41_YEAST,0.35,0.21,1,0.8,0.5,0,0.13,0.01,CYT,cyt
RL4A_YEAST,0.56,0.35,0.47,0.41,0.5,0,0.5,0.22,CYT,cyt
RL4B_YEAST,0.56,0.35,0.47,0.35,0.5,0,0.52,0.22,CYT,cyt
RL6_YEAST,0.54,0.44,0.55,0.48,0.5,0,0.47,0.22,CYT,cyt
RL71_YEAST,0.35,0.39,0.56,0.2,0.5,0,0.49,0.41,CYT,cyt
RL9_YEAST,0.48,0.46,0.58,0.16,0.5,0,0.45,0.22,CYT,cyt
RLA0_YEAST,0.48,0.55,0.48,0.1,0.5,0,0.55,0.22,CYT,cyt
RLA1_YEAST,0.66,0.6,0.52,0.19,0.5,0,0.69,0.22,CYT,cyt
RLA2_YEAST,0.69,0.54,0.55,0.23,0.5,0,0.73,0.22,CYT,cyt
RLA3_YEAST,0.73,0.6,0.47,0.2,0.5,0,0.72,0.22,CYT,cyt
RLA4_YEAST,0.78,0.82,0.56,0.21,0.5,0,0.69,0.22,CYT,cyt
RPM2_YEAST,0.42,0.49,0.49,0.36,0.5,0,0.57,0.26,MIT,mit
RPB1_YEAST,0.44,0.62,0.53,0.27,0.5,0,0.49,0.22,cyt,cyt
RPC1_YEAST,0.56,0.61,0.52,0.19,0.5,0,0.52,0.32,cyt,cyt
RPOM_YEAST,0.47,0.56,0.46,0.5,0.5,0,0.51,0.22,MIT,mit
RS6_YEAST,0.46,0.33,0.45,0.22,0.5,0,0.41,0.37,CYT,cyt
R19A_YEAST,0.52,0.43,0.61,0.22,0.5,0,0.45,0.22,CYT,cyt
R19B_YEAST,0.52,0.43,0.61,0.22,0.5,0,0.45,0.22,CYT,cyt
RS41_YEAST,0.32,0.44,0.54,0.21,0.5,0,0.4,0.19,CYT,cyt
RS41_YEAST,0.32,0.44,0.54,0.21,0.5,0,0.4,0.19,CYT,cyt
RS15_YEAST,0.48,0.41,0.52,0.33,0.5,0,0.51,0.26,CYT,cyt
RS22_YEAST,0.46,0.39,0.54,0.22,0.5,0,0.48,0.25,CYT,cyt
RS22_YEAST,0.46,0.39,0.54,0.22,0.5,0,0.48,0.25,CYT,cyt
RS21_YEAST,0.42,0.5,0.64,0.13,0.5,0,0.49,0.22,CYT,cyt
R26A_YEAST,0.46,0.54,0.59,0.41,0.5,0,0.53,0.21,CYT,cyt
R26B_YEAST,0.46,0.54,0.59,0.41,0.5,0,0.53,0.21,CYT,cyt
R271_YEAST,0.39,0.65,0.57,0.19,0.5,0,0.44,0.25,CYT,cyt
R272_YEAST,0.39,0.65,0.57,0.19,0.5,0,0.43,0.25,CYT,cyt
RS28_YEAST,0.38,0.5,0.52,0.44,0.5,0,0.54,0.11,CYT,cyt
RS28_YEAST,0.38,0.5,0.52,0.44,0.5,0,0.54,0.11,CYT,cyt
RS3_YEAST,0.51,0.52,0.58,0.17,0.5,0,0.47,0.28,CYT,cyt
RS31_YEAST,0.57,0.48,0.54,0.22,0.5,0,0.5,0.11,CYT,cyt
RS33_YEAST,0.5,0.5,0.62,0.23,0.5,0,0.35,0.11,CYT,cyt
RS37_YEAST,0.41,0.49,0.65,0.28,0.5,0,0.59,0.57,CYT,cyt
RS4E_YEAST,0.53,0.57,0.6,0.36,0.5,0,0.5,0.22,CYT,cyt
RS4E_YEAST,0.53,0.57,0.6,0.36,0.5,0,0.5,0.22,CYT,cyt
RS8_YEAST,0.37,0.3,0.62,0.43,0.5,0,0.44,0.39,CYT,cyt
RS8_YEAST,0.37,0.3,0.62,0.43,0.5,0,0.44,0.39,CYT,cyt
RRN6_YEAST,0.6,0.57,0.52,0.14,0.5,0,0.46,0.48,cyt,cyt
RRN7_YEAST,0.42,0.38,0.52,0.29,0.5,0,0.42,0.22,cyt,cyt
RTG1_YEAST,0.41,0.46,0.58,0.08,0.5,0,0.51,0.28,cyt,cyt
R161_YEAST,0.49,0.4,0.58,0.23,0.5,0,0.47,0.27,CYT,cyt
R167_YEAST,0.37,0.37,0.51,0.38,0.5,0,0.44,0.22,CYT,cyt
RSD1_YEAST,0.57,0.5,0.4,0.08,0.5,0,0.47,0.22,cyt,cyt
FIMB_YEAST,0.51,0.4,0.5,0.28,0.5,0,0.48,0.27,CYT,cyt
SAC7_YEAST,0.34,0.25,0.55,0.28,0.5,0,0.51,0.49,CYT,cyt
SAG1_YEAST,0.77,0.86,0.44,0.27,0.5,0,0.48,0.22,cyt,cyt
SAR1_YEAST,0.59,0.54,0.53,0.14,0.5,0,0.48,0.22,CYT,cyt
SC25_YEAST,0.5,0.48,0.48,0.23,0.5,0,0.53,0.68,CYT,cyt
SCJ1_YEAST,0.39,1,0.38,0.41,0.5,0,0.5,0.27,MIT,mit
PRCI_YEAST,0.56,0.42,0.52,0.14,0.5,0,0.51,0.22,CYT,cyt
TAT2_YEAST,0.39,0.46,0.33,0.18,0.5,0,0.53,0.22,cyt,cyt
SCO1_YEAST,0.52,0.54,0.47,0.49,0.5,0,0.54,0.22,MIT,mit
S160_YEAST,0.46,0.49,0.55,0.18,0.5,0,0.56,0.22,cyt,cyt
DHSA_YEAST,0.56,0.65,0.49,0.56,0.5,0,0.49,0.22,MIT,mit
DHSB_YEAST,0.53,0.51,0.55,0.57,0.5,0,0.46,0.22,MIT,mit
SDH3_YEAST,0.54,0.64,0.4,0.56,0.5,0,0.51,0.22,MIT,mit
SDH4_YEAST,0.47,0.58,0.47,0.52,0.5,0,0.54,0.22,MIT,mit
SDHL_YEAST,0.46,0.42,0.51,0.16,0.5,0,0.56,0.22,CYT,cyt
SEC1_YEAST,0.6,0.51,0.49,0.18,0.5,0,0.53,0.38,CYT,cyt
SC11_YEAST,0.85,0.66,0.49,0.18,0.5,0,0.51,0.22,cyt,cyt
SC12_YEAST,0.55,0.52,0.44,0.2,0.5,0,0.56,0.22,cyt,cyt
SC13_YEAST,0.49,0.38,0.56,0.09,0.5,0,0.46,0.22,CYT,cyt
SC14_YEAST,0.38,0.4,0.53,0.12,0.5,0,0.55,0.22,CYT,cyt
SC15_YEAST,0.55,0.55,0.52,0.13,0.5,0,0.53,0.25,CYT,cyt
SC17_YEAST,0.46,0.44,0.58,0.17,0.5,0,0.55,0.22,CYT,cyt
SC18_YEAST,0.34,0.46,0.52,0.19,0.5,0,0.53,0.26,CYT,cyt
SEC2_YEAST,0.58,0.56,0.46,0.14,0.5,0,0.51,0.22,CYT,cyt
SC20_YEAST,0.46,0.47,0.44,0.18,1,0,0.46,0.22,cyt,cyt
SC21_YEAST,0.44,0.71,0.5,0.21,0.5,0,0.54,0.27,CYT,cyt
SC22_YEAST,0.56,0.49,0.32,0.22,0.5,0,0.5,0.22,cyt,cyt
SC23_YEAST,0.41,0.49,0.47,0.09,0.5,0,0.49,0.22,CYT,cyt
SEC4_YEAST,0.44,0.51,0.53,0.3,0.5,0,0.53,0.22,CYT,cyt
PMM_YEAST,0.54,0.51,0.56,0.15,0.5,0,0.54,0.31,CYT,cyt
SC59_YEAST,0.51,0.51,0.32,0.27,0.5,0,0.54,0.22,cyt,cyt
SEC6_YEAST,0.46,0.38,0.51,0.2,0.5,0,0.51,0.22,CYT,cyt
S61A_YEAST,0.55,0.72,0.35,0.26,0.5,0,0.49,0.22,cyt,cyt
SC62_YEAST,0.54,0.44,0.35,0.19,0.5,0,0.51,0.27,cyt,cyt
NPL1_YEAST,0.65,0.66,0.37,0.12,0.5,0,0.52,0.27,cyt,cyt
SC65_YEAST,0.41,0.4,0.56,0.17,0.5,0,0.56,0.22,CYT,cyt
SC66_YEAST,0.39,0.71,0.38,0.14,0.5,0,0.5,0.22,cyt,cyt
SEC7_YEAST,0.37,0.42,0.46,0.15,0.5,0,0.51,0.31,cyt,cyt
SC72_YEAST,0.59,0.55,0.57,0.18,0.5,0,0.51,0.22,CYT,cyt
SEC8_YEAST,0.48,0.51,0.5,0.24,0.5,0,0.54,0.38,CYT,cyt
SEC9_YEAST,0.39,0.3,0.63,0.2,0.5,0,0.43,0.47,CYT,cyt
TRAM_YEAST,0.47,0.52,0.54,0.25,0.5,0,0.54,0.29,MIT,mit
SED1_YEAST,0.77,0.82,0.4,0.36,0.5,0,0.38,0.22,cyt,cyt
SED4_YEAST,0.52,0.55,0.39,0.09,1,0,0.55,0.25,cyt,cyt
SED5_YEAST,0.42,0.28,0.33,0.23,0.5,0,0.39,0.26,cyt,cyt
SEN1_YEAST,0.47,0.37,0.46,0.28,0.5,0,0.52,0.99,cyt,cyt
SEN2_YEAST,0.48,0.5,0.47,0.29,0.5,0,0.46,0.27,cyt,cyt
SYSC_YEAST,0.3,0.33,0.55,0.12,0.5,0,0.53,0.38,CYT,cyt
SFL1_YEAST,0.49,0.49,0.52,0.18,0.5,0,0.51,0.25,cyt,cyt
SFP1_YEAST,0.54,0.59,0.57,0.34,0.5,0,0.49,0.22,cyt,cyt
AMYG_YEAST,0.7,0.78,0.53,0.24,0.5,0,0.48,0.22,cyt,cyt
SGE1_YEAST,0.85,0.69,0.34,0.31,0.5,0,0.57,0.3,cyt,cyt
SHM1_YEAST,0.56,0.59,0.45,0.15,0.5,0,0.54,0.22,MIT,mit
GLYM_YEAST,0.47,0.56,0.53,0.44,0.5,0,0.53,0.22,MIT,mit
GLYC_YEAST,0.53,0.49,0.47,0.21,0.5,0,0.53,0.22,CYT,cyt
SHR3_YEAST,0.7,0.57,0.34,0.19,0.5,0,0.53,0.27,cyt,cyt
SIC1_YEAST,0.42,0.43,0.67,0.7,0.5,0,0.42,0.25,CYT,cyt
NOT4_YEAST,0.47,0.44,0.53,0.18,0.5,0,0.47,0.29,cyt,cyt
SIN3_YEAST,0.4,0.49,0.53,0.23,0.5,0,0.44,0.26,cyt,cyt
SIN4_YEAST,0.45,0.65,0.51,0.17,0.5,0,0.49,0.22,cyt,cyt
SIP2_YEAST,0.42,0.42,0.55,0.31,0.5,0,0.43,0.22,cyt,cyt
SIR1_YEAST,0.45,0.41,0.53,0.49,0.5,0,0.49,0.31,cyt,cyt
SIR2_YEAST,0.42,0.28,0.49,0.22,0.5,0,0.55,0.34,cyt,cyt
SIR3_YEAST,0.47,0.5,0.47,0.22,0.5,0,0.53,0.45,cyt,cyt
SIR4_YEAST,0.33,0.42,0.55,0.23,0.5,0,0.52,0.43,cyt,cyt
SIS1_YEAST,0.56,0.55,0.57,0.15,0.5,0,0.54,0.25,CYT,cyt
SIS2_YEAST,0.37,0.47,0.49,0.12,0.5,0,0.47,0.31,cyt,cyt
SKI3_YEAST,0.32,0.6,0.48,0.13,0.5,0,0.53,0.22,cyt,cyt
SKN1_YEAST,0.38,0.42,0.31,0.35,0.5,0,0.52,0.22,cyt,cyt
SKN7_YEAST,0.46,0.56,0.56,0.25,0.5,0,0.43,0.22,cyt,cyt
SKO1_YEAST,0.47,0.55,0.57,0.17,0.5,0,0.52,0.66,cyt,cyt
SLA1_YEAST,0.37,0.55,0.52,0.13,0.5,0,0.42,0.8,CYT,cyt
SLA2_YEAST,0.46,0.48,0.38,0.22,0.5,0,0.39,0.45,cyt,cyt
PLSC_YEAST,0.8,0.69,0.53,0.33,0.5,0,0.51,0.22,cyt,cyt
SLN1_YEAST,0.52,0.65,0.36,0.37,0.5,0,0.52,0.34,cyt,cyt
SLU7_YEAST,0.19,0.16,0.68,0.36,0.5,0,0.49,0.21,cyt,cyt
SLY1_YEAST,0.64,0.31,0.53,0.15,0.5,0,0.53,0.31,CYT,cyt
SLY4_YEAST,0.4,0.43,0.36,0.33,0.5,0,0.51,0.22,cyt,cyt
SMC1_YEAST,0.47,0.56,0.51,0.2,0.5,0,0.52,0.59,cyt,cyt
SMC2_YEAST,0.4,0.75,0.44,0.12,0.5,0,0.49,0.22,cyt,cyt
SMD1_YEAST,0.48,0.55,0.58,0.18,0.5,0,0.38,0.69,cyt,cyt
SMF1_YEAST,0.57,0.51,0.34,0.13,0.5,0,0.53,0.27,MIT,mit
SMF2_YEAST,0.23,0.37,0.32,0.13,0.5,0,0.53,0.22,MIT,mit
SMY1_YEAST,0.54,0.5,0.51,0.26,0.5,0,0.52,0.22,CYT,cyt
SMY2_YEAST,0.6,0.64,0.56,0.36,0.5,0,0.46,0.27,CYT,cyt
SNC1_YEAST,0.27,0.41,0.24,0.2,0.5,0,0.49,0.22,cyt,cyt
SNC2_YEAST,0.25,0.35,0.22,0.18,0.5,0,0.46,0.22,cyt,cyt
SNF1_YEAST,0.39,0.45,0.51,0.29,0.5,0,0.54,0.22,CYT,cyt
SNF2_YEAST,0.33,0.47,0.55,0.24,0.5,0,0.45,0.67,cyt,cyt
SNF3_YEAST,0.37,0.4,0.38,0.18,0.5,0,0.51,0.22,cyt,cyt
SNF4_YEAST,0.43,0.47,0.47,0.18,0.5,0,0.47,0.22,CYT,cyt
SNF5_YEAST,0.66,0.43,0.57,0.6,0.5,0,0.19,0.33,cyt,cyt
SNF6_YEAST,0.55,0.4,0.62,0.22,0.5,0,0.37,0.28,cyt,cyt
RU17_YEAST,0.33,0.46,0.6,0.18,0.5,0,0.51,0.26,cyt,cyt
SNP2_YEAST,0.51,0.5,0.54,0.11,0.5,0,0.6,0.22,cyt,cyt
YBC6_YEAST,0.54,0.6,0.57,0.17,0.5,0,0.44,0.22,cyt,cyt
SNQ2_YEAST,0.45,0.57,0.38,0.28,0.5,0,0.53,0.31,cyt,cyt
SODC_YEAST,0.55,0.57,0.51,0.07,0.5,0,0.55,0.22,CYT,cyt
SODM_YEAST,0.54,0.47,0.58,0.4,0.5,0,0.46,0.27,MIT,mit
SOF1_YEAST,0.36,0.32,0.55,0.27,0.5,0,0.47,0.43,cyt,cyt
SOK1_YEAST,0.46,0.41,0.45,0.23,0.5,0,0.48,0.22,cyt,cyt
SON1_YEAST,0.4,0.39,0.6,0.23,0.5,0,0.52,0.31,cyt,cyt
RL35_YEAST,0.52,0.47,0.58,0.18,0.5,0,0.34,0.11,CYT,cyt
RL35_YEAST,0.52,0.47,0.58,0.18,0.5,0,0.34,0.11,CYT,cyt
SPA2_YEAST,0.5,0.45,0.51,0.19,0.5,0,0.53,0.25,CYT,cyt
SPB4_YEAST,0.57,0.55,0.51,0.18,0.5,0,0.51,0.43,cyt,cyt
SPK1_YEAST,0.44,0.43,0.46,0.28,0.5,0,0.45,0.29,cyt,cyt
SP11_YEAST,0.46,0.5,0.5,0.28,0.5,0,0.5,0.37,cyt,cyt
SPR1_YEAST,0.66,0.65,0.54,0.4,0.5,0,0.51,0.22,cyt,cyt
SS10_YEAST,0.77,0.73,0.49,0.46,0.5,0,0.38,0.22,cyt,cyt
SX18_YEAST,0.38,0.58,0.46,0.21,0.5,0,0.52,0.22,cyt,cyt
SX19_YEAST,0.32,0.68,0.51,0.16,0.5,0.83,0.55,0.22,cyt,cyt
SP10_YEAST,0.27,0.46,0.52,0.17,0.5,0,0.49,0.44,cyt,cyt
SP14_YEAST,0.52,0.45,0.45,0.13,0.5,0,0.48,0.22,cyt,cyt
TF2D_YEAST,0.37,0.29,0.45,0.15,0.5,0,0.49,0.22,cyt,cyt
SPT2_YEAST,0.37,0.48,0.67,0.37,0.5,0,0.56,0.62,cyt,cyt
SP21_YEAST,0.44,0.59,0.54,0.18,0.5,0,0.49,0.22,cyt,cyt
SP23_YEAST,0.48,0.65,0.36,0.24,0.5,0,0.54,0.31,cyt,cyt
SPT3_YEAST,0.59,0.49,0.45,0.22,0.5,0,0.45,0.31,cyt,cyt
SPT4_YEAST,0.73,0.52,0.59,0.25,0.5,0,0.51,0.22,cyt,cyt
SPT5_YEAST,0.5,0.43,0.5,0.17,0.5,0,0.46,0.47,cyt,cyt
SPT6_YEAST,0.23,0.13,0.51,0.16,0.5,0,0.53,0.51,cyt,cyt
SPT7_YEAST,0.49,0.6,0.54,0.35,0.5,0,0.53,0.46,cyt,cyt
SPT8_YEAST,0.52,0.31,0.56,0.16,0.5,0,0.55,0.22,cyt,cyt
SRB2_YEAST,0.49,0.48,0.51,0.21,0.5,0,0.53,0.22,cyt,cyt
SRB4_YEAST,0.49,0.6,0.42,0.18,0.5,0,0.58,0.28,cyt,cyt
SRB5_YEAST,0.6,0.62,0.54,0.11,0.5,0,0.51,0.22,cyt,cyt
SRB6_YEAST,0.55,0.47,0.53,0.2,0.5,0,0.4,0.22,cyt,cyt
SCA1_YEAST,0.47,0.32,0.51,0.24,0.5,0,0.54,0.27,cyt,cyt
SRD1_YEAST,0.53,0.25,0.59,0.27,0.5,0,0.45,0.26,cyt,cyt
RCC_YEAST,0.31,0.5,0.54,0.32,0.5,0,0.53,0.31,cyt,cyt
SRPI_YEAST,0.25,0.33,0.48,0.18,0.5,0,0.42,0.33,cyt,cyt
SRPR_YEAST,0.55,0.46,0.47,0.15,0.5,0,0.47,0.22,cyt,cyt
SR14_YEAST,0.61,0.5,0.61,0.21,0.5,0,0.55,0.54,CYT,cyt
SR54_YEAST,0.5,0.52,0.51,0.22,0.5,0,0.46,0.37,CYT,cyt
SR68_YEAST,0.62,0.33,0.49,0.24,0.5,0,0.51,0.42,CYT,cyt
SR72_YEAST,0.56,0.52,0.46,0.17,0.5,0,0.49,0.73,CYT,cyt
CAP_YEAST,0.52,0.56,0.55,0.16,0.5,0,0.53,0.39,CYT,cyt
HS71_YEAST,0.53,0.48,0.51,0.18,0.5,0,0.52,0.27,CYT,cyt
HS72_YEAST,0.51,0.48,0.51,0.19,0.5,0,0.51,0.27,CYT,cyt
HS73_YEAST,0.51,0.48,0.51,0.26,0.5,0,0.51,0.27,CYT,cyt
HS74_YEAST,0.53,0.48,0.51,0.18,0.5,0,0.51,0.27,CYT,cyt
HS75_YEAST,0.6,0.46,0.51,0.1,0.5,0,0.48,0.31,CYT,cyt
HS76_YEAST,0.6,0.46,0.51,0.1,0.5,0,0.48,0.31,CYT,cyt
SSB1_YEAST,0.44,0.39,0.63,0.11,0.5,0,0.49,0.26,cyt,cyt
HS77_YEAST,0.51,0.5,0.49,0.45,0.5,0,0.48,0.22,MIT,mit
SSD1_YEAST,0.45,0.45,0.51,0.3,0.5,0,0.48,0.44,CYT,cyt
RA25_YEAST,0.38,0.42,0.47,0.12,0.5,0,0.47,0.53,cyt,cyt
SSN6_YEAST,0.19,0.66,0.6,0.14,0.5,0,0.2,0.25,cyt,cyt
SSO1_YEAST,0.41,0.42,0.23,0.16,0.5,0,0.4,0.22,cyt,cyt
SSO2_YEAST,0.25,0.42,0.21,0.14,0.5,0,0.41,0.22,cyt,cyt
S120_YEAST,0.7,0.58,0.53,0.39,0.5,0,0.59,0.22,cyt,cyt
S61G_YEAST,0.49,0.31,0.43,0.24,0.5,0,0.54,0.22,cyt,cyt
SST2_YEAST,0.46,0.41,0.43,0.18,0.5,0,0.54,0.22,cyt,cyt
AMYH_YEAST,0.83,0.81,0.45,0.38,0.5,0,0.4,0.26,cyt,cyt
ST12_YEAST,0.38,0.51,0.56,0.21,0.5,0,0.48,0.31,cyt,cyt
DAP1_YEAST,0.32,0.36,0.28,0.38,0.5,0,0.5,0.4,cyt,cyt
ST14_YEAST,0.4,0.65,0.38,0.17,0.5,0,0.57,0.22,cyt,cyt
GBG_YEAST,0.36,0.37,0.63,0.25,0.5,0,0.3,0.22,CYT,cyt
STE2_YEAST,0.49,0.55,0.41,0.19,0.5,0,0.48,0.31,cyt,cyt
ST20_YEAST,0.3,0.45,0.55,0.19,0.5,0,0.53,0.4,CYT,cyt
STE3_YEAST,0.88,0.72,0.32,0.3,0.5,0,0.52,0.33,cyt,cyt
GBB_YEAST,0.44,0.4,0.53,0.19,0.5,0,0.48,0.27,CYT,cyt
STE5_YEAST,0.45,0.57,0.52,0.21,0.5,0,0.54,0.38,cyt,cyt
STE6_YEAST,0.46,0.61,0.38,0.35,0.5,0,0.49,0.22,cyt,cyt
STF1_YEAST,0.55,0.41,0.67,0.61,0.5,0,0.49,0.14,MIT,mit
STF2_YEAST,0.28,0.18,0.72,0.26,0.5,0,0.49,0.25,MIT,mit
STH1_YEAST,0.66,0.65,0.53,0.17,0.5,0,0.47,0.66,cyt,cyt
STL1_YEAST,0.36,0.5,0.39,0.23,0.5,0,0.5,0.22,cyt,cyt
STP1_YEAST,0.48,0.54,0.56,0.29,0.5,0,0.51,0.43,cyt,cyt
STU1_YEAST,0.33,0.37,0.49,0.22,0.5,0,0.55,0.22,CYT,cyt
STV1_YEAST,0.58,0.43,0.32,0.11,0.5,0,0.49,0.22,cyt,cyt
TF2B_YEAST,0.58,0.64,0.42,0.3,0.5,0,0.54,0.22,cyt,cyt
INV1_YEAST,0.74,0.82,0.46,0.24,0.5,0,0.5,0.31,cyt,cyt
INV2_YEAST,0.74,0.82,0.46,0.24,0.5,0,0.48,0.22,cyt,cyt
INV4_YEAST,0.75,0.76,0.58,0.22,0.5,0,0.49,0.22,cyt,cyt
SUG1_YEAST,0.58,0.37,0.58,0.16,0.5,0,0.51,0.22,cyt,cyt
SUI1_YEAST,0.39,0.39,0.65,0.16,0.5,0,0.45,0.22,CYT,cyt
IF2A_YEAST,0.51,0.59,0.55,0.21,0.5,0,0.52,0.22,CYT,cyt
IF2B_YEAST,0.41,0.35,0.6,0.22,0.5,0,0.56,0.79,CYT,cyt
SUL1_YEAST,0.43,0.28,0.41,0.32,0.5,0,0.52,0.22,cyt,cyt
SUP1_YEAST,0.41,0.49,0.55,0.13,0.5,0,0.55,0.22,CYT,cyt
SUP2_YEAST,0.23,0.29,0.46,0,0.5,0,0.43,0.31,CYT,cyt
RS4_YEAST,0.25,0.48,0.45,0.32,0.5,0,0.4,0.22,CYT,cyt
RS11_YEAST,0.38,0.34,0.55,0.44,0.5,0,0.48,0.26,CYT,cyt
SUV3_YEAST,0.61,0.54,0.54,0.38,0.5,0,0.54,0.29,MIT,mit
ADR6_YEAST,0.48,0.17,0.37,0.33,0.5,0,0.44,0.36,cyt,cyt
SWI3_YEAST,0.47,0.47,0.5,0.19,0.5,0,0.51,0.26,cyt,cyt
SWI4_YEAST,0.55,0.38,0.52,0.16,0.5,0,0.49,0.64,cyt,cyt
SWI5_YEAST,0.41,0.39,0.61,0.17,0.5,0,0.5,0.61,cyt,cyt
SWI6_YEAST,0.41,0.56,0.53,0.16,0.5,0,0.55,0.26,cyt,cyt
OSTD_YEAST,0.78,0.73,0.27,0.28,0.5,0,0.56,0.22,cyt,cyt
SYG1_YEAST,0.31,0.51,0.38,0.18,0.5,0,0.46,0.31,cyt,cyt
TAL1_YEAST,0.63,0.64,0.49,0.2,0.5,0,0.52,0.25,CYT,cyt
VAL1_YEAST,0.31,0.4,0.31,0.17,0.5,0,0.52,0.22,cyt,cyt
TBF1_YEAST,0.44,0.65,0.49,0.16,0.5,0,0.48,0.31,cyt,cyt
RL3_YEAST,0.48,0.44,0.46,0.37,0.5,0,0.46,0.36,CYT,cyt
TCPA_YEAST,0.5,0.49,0.46,0.22,0.5,0,0.53,0.25,CYT,cyt
TCPE_YEAST,0.62,0.42,0.47,0.16,0.5,0,0.52,0.22,CYT,cyt
TCPB_YEAST,0.5,0.45,0.52,0.18,0.5,0,0.52,0.22,CYT,cyt
TCPG_YEAST,0.59,0.51,0.47,0.21,0.5,0,0.47,0.22,CYT,cyt
TCPD_YEAST,0.39,0.47,0.49,0.2,0.5,0,0.53,0.26,CYT,cyt
TCPZ_YEAST,0.49,0.48,0.52,0.24,0.5,0,0.5,0.22,CYT,cyt
G3P1_YEAST,0.59,0.48,0.49,0.42,0.5,0,0.52,0.22,CYT,cyt
G3P2_YEAST,0.57,0.35,0.5,0.43,0.5,0,0.53,0.22,CYT,cyt
G3P3_YEAST,0.61,0.52,0.5,0.44,0.5,0,0.53,0.22,CYT,cyt
TF3B_YEAST,0.49,0.51,0.52,0.13,0.5,0,0.51,0.33,cyt,cyt
TEC1_YEAST,0.45,0.4,0.56,0.15,0.5,0,0.52,0.22,cyt,cyt
EF1A_YEAST,0.63,0.43,0.48,0.11,0.5,0,0.51,0.22,CYT,cyt
EF1A_YEAST,0.63,0.43,0.48,0.11,0.5,0,0.51,0.22,CYT,cyt
EF1G_YEAST,0.52,0.45,0.53,0.34,0.5,0,0.52,0.44,CYT,cyt
EF1H_YEAST,0.54,0.48,0.55,0.33,0.5,0,0.55,0.4,CYT,cyt
T2EA_YEAST,0.55,0.79,0.45,0.25,0.5,0,0.51,0.22,cyt,cyt
YK42_YEAST,0.58,0.51,0.63,0.2,0.5,0,0.5,0.42,cyt,cyt
TFB1_YEAST,0.63,0.58,0.57,0.1,0.5,0,0.52,0.33,cyt,cyt
TFC1_YEAST,0.54,0.67,0.56,0.15,0.5,0,0.57,0.33,cyt,cyt
TF3A_YEAST,0.41,0.59,0.65,0.14,0.5,0,0.49,0.33,cyt,cyt
TFC3_YEAST,0.47,0.38,0.5,0.15,0.5,0,0.49,0.47,cyt,cyt
TFC4_YEAST,0.33,0.17,0.52,0.13,0.5,0,0.51,0.75,cyt,cyt
DKA1_YEAST,0.42,0.5,0.59,0.17,0.5,0,0.51,0.22,CYT,cyt
THRC_YEAST,0.54,0.55,0.55,0.4,0.5,0,0.53,0.22,CYT,cyt
SYTC_YEAST,0.31,0.31,0.57,0.15,0.5,0,0.5,0.22,CYT,cyt
IF4A_YEAST,0.38,0.42,0.5,0.19,0.5,0,0.44,0.22,CYT,cyt
IF1A_YEAST,0.33,0.36,0.62,0.26,0.5,0,0.55,0.22,CYT,cyt
IF4A_YEAST,0.38,0.42,0.5,0.19,0.5,0,0.44,0.22,CYT,cyt
TIF3_YEAST,0.47,0.56,0.58,0.19,0.5,0,0.44,0.64,CYT,cyt
IF41_YEAST,0.32,0.32,0.52,0.18,0.5,0,0.48,0.34,CYT,cyt
IF42_YEAST,0.28,0.27,0.5,0.14,0.5,0,0.5,0.28,CYT,cyt
IF5_YEAST,0.41,0.46,0.57,0.25,0.5,0,0.57,0.38,CYT,cyt
IF52_YEAST,0.44,0.54,0.51,0.16,0.5,0,0.58,0.22,CYT,cyt
IF51_YEAST,0.44,0.55,0.51,0.16,0.5,0,0.6,0.22,CYT,cyt
TIP1_YEAST,0.77,0.7,0.44,0.29,0.5,0,0.56,0.22,cyt,cyt
TP20_YEAST,0.4,0.56,0.53,0.15,0.5,0,0.49,0.22,CYT,cyt
SRP1_YEAST,0.79,0.79,0.42,0.26,0.5,0,0.6,0.22,cyt,cyt
SRP2_YEAST,0.8,0.83,0.43,0.24,0.5,0,0.54,0.22,cyt,cyt
TKT1_YEAST,0.58,0.55,0.51,0.13,0.5,0,0.52,0.22,CYT,cyt
TKT2_YEAST,0.55,0.69,0.51,0.12,0.5,0,0.51,0.22,CYT,cyt
TYSY_YEAST,0.47,0.46,0.53,0.12,0.5,0,0.51,0.25,cyt,cyt
TOA1_YEAST,0.57,0.29,0.63,0.22,0.5,0,0.49,0.27,cyt,cyt
TOA2_YEAST,0.52,0.49,0.59,0.21,0.5,0,0.47,0.22,cyt,cyt
TOP1_YEAST,0.41,0.42,0.53,0.17,0.5,0,0.48,0.58,cyt,cyt
TOP2_YEAST,0.45,0.36,0.5,0.19,0.5,0,0.53,0.7,cyt,cyt
TOP3_YEAST,0.53,0.51,0.54,0.21,0.5,0,0.45,0.22,cyt,cyt
TOR2_YEAST,0.49,0.5,0.42,0.43,0.5,0,0.5,0.36,cyt,cyt
TPIS_YEAST,0.44,0.49,0.49,0.27,0.5,0,0.52,0.22,CYT,cyt
KAPA_YEAST,0.25,0.26,0.53,0.17,0.5,0,0.45,0.22,CYT,cyt
KAPB_YEAST,0.49,0.46,0.54,0.18,0.5,0,0.35,0.22,CYT,cyt
KAPC_YEAST,0.42,0.37,0.54,0.17,0.5,0,0.51,0.22,CYT,cyt
TPM1_YEAST,0.42,0.45,0.75,0.21,0.5,0,0.48,0.22,CYT,cyt
TPM2_YEAST,0.39,0.45,0.75,0.17,0.5,0,0.51,0.22,CYT,cyt
TPS1_YEAST,0.63,0.54,0.53,0.27,0.5,0,0.49,0.22,CYT,cyt
TPS2_YEAST,0.54,0.43,0.48,0.27,0.5,0,0.44,0.41,CYT,cyt
TPS3_YEAST,0.4,0.44,0.5,0.13,0.5,0,0.52,0.39,CYT,cyt
TRK1_YEAST,0.55,0.39,0.39,0.47,0.5,0,0.5,0.83,cyt,cyt
TRK2_YEAST,0.59,0.48,0.41,0.53,0.5,0,0.48,0.56,cyt,cyt
TRNL_YEAST,0.49,0.38,0.49,0.15,0.5,0,0.53,0.25,cyt,cyt
TRM1_YEAST,0.53,0.45,0.52,0.29,0.5,0,0.55,0.38,MIT,mit
TRPF_YEAST,0.62,0.6,0.54,0.22,0.5,0,0.54,0.27,CYT,cyt
TRPE_YEAST,0.33,0.46,0.53,0.12,0.5,0,0.5,0.27,CYT,cyt
TRPG_YEAST,0.57,0.36,0.51,0.25,0.5,0,0.54,0.25,CYT,cyt
TRPD_YEAST,0.45,0.76,0.51,0.25,0.5,0,0.59,0.22,CYT,cyt
TRP_YEAST,0.48,0.44,0.51,0.24,0.5,0,0.49,0.22,CYT,cyt
TSA_YEAST,0.59,0.64,0.44,0.26,0.5,0,0.5,0.22,CYT,cyt
TSL1_YEAST,0.79,0.56,0.53,0.19,0.5,0,0.47,0.35,CYT,cyt
TSM1_YEAST,0.5,0.5,0.48,0.34,0.5,0,0.52,0.27,cyt,cyt
TTP1_YEAST,0.79,0.62,0.35,0.35,0.5,0,0.6,0.28,cyt,cyt
GLRX_YEAST,0.52,0.5,0.6,0.2,0.5,0,0.52,0.22,CYT,cyt
TBA1_YEAST,0.59,0.46,0.57,0.17,0.5,0,0.52,0.22,CYT,cyt
TBB_YEAST,0.53,0.42,0.53,0.19,0.5,0,0.47,0.22,CYT,cyt
TBA3_YEAST,0.59,0.46,0.55,0.17,0.5,0,0.52,0.25,CYT,cyt
EFTU_YEAST,0.61,0.73,0.5,0.58,0.5,0,0.5,0.22,MIT,mit
TUP1_YEAST,0.5,0.43,0.56,0.17,0.5,0,0.35,0.22,cyt,cyt
TYE7_YEAST,0.36,0.52,0.61,0.33,0.5,0,0.52,0.37,cyt,cyt
TYR1_YEAST,0.66,0.54,0.53,0.17,0.5,0,0.54,0.22,CYT,cyt
UBA1_YEAST,0.52,0.51,0.48,0.12,0.5,0,0.54,0.31,CYT,cyt
UBC1_YEAST,0.56,0.46,0.51,0.25,0.5,0,0.54,0.22,CYT,cyt
UBC4_YEAST,0.47,0.46,0.49,0.27,0.5,0,0.59,0.22,CYT,cyt
UBC5_YEAST,0.5,0.46,0.49,0.27,0.5,0,0.6,0.22,CYT,cyt
UBC6_YEAST,0.43,0.48,0.36,0.26,0.5,0,0.52,0.22,cyt,cyt
UBC7_YEAST,0.5,0.44,0.57,0.28,0.5,0,0.57,0.22,CYT,cyt
UBIQ_YEAST,0.46,0.47,0.62,0.3,0.5,0,0.38,0.22,CYT,cyt
UBP1_YEAST,0.59,0.7,0.46,0.19,0.5,0,0.54,0.44,CYT,cyt
UBP2_YEAST,0.19,0.41,0.55,0.13,0.5,0,0.52,0.25,CYT,cyt
UBP3_YEAST,0.27,0.43,0.5,0.13,0.5,0,0.54,0.31,CYT,cyt
UBR1_YEAST,0.42,0.46,0.44,0.17,0.5,0,0.51,0.42,CYT,cyt
UGA3_YEAST,0.49,0.36,0.47,0.28,0.5,0,0.56,0.54,cyt,cyt
UGA4_YEAST,0.42,0.51,0.33,0.16,0.5,0,0.54,0.22,cyt,cyt
UME5_YEAST,0.34,0.42,0.48,0.19,0.5,0,0.46,0.31,cyt,cyt
UME6_YEAST,0.6,0.57,0.63,0.22,0.5,0,0.5,0.49,cyt,cyt
UNG_YEAST,0.53,0.44,0.54,0.52,0.5,0,0.49,0.38,cyt,cyt
PYRD_YEAST,0.48,0.39,0.56,0.23,0.5,0,0.6,0.22,CYT,cyt
PYR1_YEAST,0.56,0.49,0.47,0.13,0.5,0,0.52,0.22,cyt,cyt
UMPK_YEAST,0.47,0.59,0.56,0.09,0.5,0,0.5,0.22,CYT,cyt
RL21_YEAST,0.4,0.28,0.58,0.44,0.5,0,0.41,0.22,CYT,cyt
RSU2_YEAST,0.54,0.35,0.55,0.19,0.5,0,0.3,0.22,CYT,cyt
USO1_YEAST,0.5,0.47,0.45,0.14,0.5,0,0.53,0.32,cyt,cyt
YEU2_YEAST,0.55,0.49,0.6,0.18,0.5,0,0.51,0.22,cyt,cyt
cyt1_YEAST,0.55,0.44,0.5,0.09,0.5,0,0.55,0.22,cyt,cyt
RMAR_YEAST,0.66,0.37,0.6,0.25,0.5,0,0.69,0.22,MIT,mit
SYV_YEAST,0.51,0.49,0.48,0.55,0.5,0,0.52,0.58,CYT,cyt
VATA_YEAST,0.36,0.51,0.51,0.17,0.5,0,0.52,0.22,cyt,cyt
VM11_YEAST,0.68,0.68,0.35,0.16,0.5,0,0.62,0.22,cyt,cyt
VATB_YEAST,0.44,0.35,0.55,0.14,0.5,0,0.52,0.22,cyt,cyt
VATL_YEAST,0.73,0.59,0.35,0.15,0.5,0,0.54,0.22,cyt,cyt
VATE_YEAST,0.6,0.37,0.52,0.15,0.5,0,0.55,0.26,cyt,cyt
VATC_YEAST,0.64,0.61,0.56,0.15,0.5,0,0.54,0.22,cyt,cyt
VATX_YEAST,0.48,0.58,0.58,0.12,0.5,0,0.49,0.22,cyt,cyt
VATF_YEAST,0.65,0.58,0.53,0.21,0.5,0,0.51,0.22,cyt,cyt
VATD_YEAST,0.48,0.49,0.49,0.26,0.5,0,0.39,0.27,cyt,cyt
VPH1_YEAST,0.57,0.54,0.32,0.15,0.5,0,0.52,0.25,cyt,cyt
VM12_YEAST,0.4,0.36,0.32,0.16,0.5,0,0.51,0.27,cyt,cyt
VPS1_YEAST,0.5,0.55,0.52,0.16,0.5,0,0.51,0.31,CYT,cyt
VP15_YEAST,0.65,0.63,0.47,0.22,0.5,0,0.52,0.27,CYT,cyt
VP16_YEAST,0.41,0.48,0.51,0.2,0.5,0,0.51,0.22,CYT,cyt
VP17_YEAST,0.25,0.4,0.54,0.16,0.5,0,0.43,0.22,CYT,cyt
YP51_YEAST,0.63,0.56,0.52,0.21,0.5,0,0.5,0.22,CYT,cyt
SLP1_YEAST,0.56,0.68,0.42,0.36,0.5,0,0.49,0.22,CYT,cyt
VP34_YEAST,0.57,0.47,0.48,0.17,0.5,0,0.52,0.26,cyt,cyt
VP45_YEAST,0.46,0.52,0.51,0.13,0.5,0,0.47,0.22,CYT,cyt
VRP1_YEAST,0.5,0.4,0.57,0.17,0.5,0,0.59,0.22,CYT,cyt
OSTB_YEAST,0.78,0.71,0.35,0.25,0.5,0,0.49,0.22,cyt,cyt
XRS2_YEAST,0.64,0.56,0.52,0.17,0.5,0,0.54,0.47,cyt,cyt
YAA7_YEAST,1,0.8,0.29,0.36,0.5,0,0.52,0.22,cyt,cyt
YAB1_YEAST,0.51,0.39,0.56,0.55,0.5,0,0.46,0.64,MIT,mit
YAB8_YEAST,0.69,0.66,0.36,0.09,0.5,0,0.56,0.22,cyt,cyt
YAB9_YEAST,0.4,0.45,0.45,0.15,0.5,0,0.53,0.48,cyt,cyt
YAC2_YEAST,0.49,0.53,0.36,0.15,0.5,0,0.52,0.27,cyt,cyt
YAE2_YEAST,0.39,0.63,0.41,0.27,0.5,0,0.49,0.22,cyt,cyt
YAF1_YEAST,0.45,0.51,0.43,0.22,0.5,0,0.57,0.22,cyt,cyt
YAF3_YEAST,0.77,0.78,0.27,0.37,0.5,0,0.49,0.22,cyt,cyt
YAG3_YEAST,0.88,0.75,0.41,0.36,0.5,0,0.43,0.22,cyt,cyt
YAG7_YEAST,0.49,0.49,0.4,0.2,0.5,0,0.48,0.26,cyt,cyt
PDR4_YEAST,0.57,0.53,0.6,0.28,0.5,0,0.52,0.45,cyt,cyt
AP17_YEAST,0.53,0.52,0.49,0.27,0.5,0,0.51,0.22,CYT,cyt
AP19_YEAST,0.5,0.47,0.56,0.31,0.5,0,0.56,0.26,CYT,cyt
YAP3_YEAST,0.71,0.79,0.41,0.38,0.5,0,0.54,0.22,cyt,cyt
AP54_YEAST,0.33,0.49,0.46,0.22,0.5,0,0.53,0.33,cyt,cyt
ADB1_YEAST,0.47,0.41,0.46,0.18,0.5,0,0.53,0.22,cyt,cyt
CACM_YEAST,0.45,0.39,0.46,0.29,0.5,0,0.42,0.22,MIT,mit
FMT_YEAST,0.59,0.56,0.5,0.48,0.5,0,0.46,0.22,MIT,mit
YBC4_YEAST,0.32,0.3,0.57,0.38,0.5,0,0.5,0.25,cyt,cyt
YBE2_YEAST,0.26,0.3,0.37,0.15,0.5,0,0.53,0.25,cyt,cyt
YBG6_YEAST,0.28,0.41,0.46,0.18,0.5,0,0.47,0.39,cyt,cyt
YBI8_YEAST,0.45,0.5,0.43,0.16,0.5,0,0.52,0.28,cyt,cyt
RL3P_YEAST,0.24,0.25,0.57,0.28,0.5,0,0.51,0.11,CYT,cyt
MRF1_YEAST,0.46,0.61,0.55,0.29,0.5,0,0.49,0.22,MIT,mit
YBT6_YEAST,0.54,0.44,0.38,0.22,0.5,0,0.54,0.3,cyt,cyt
YBY2_YEAST,0.22,0.53,0.36,0.22,0.5,0,0.54,0.31,cyt,cyt
YB00_YEAST,0.25,0.41,0.47,0.14,0.5,0,0.56,0.68,cyt,cyt
YB30_YEAST,0.43,0.41,0.37,0.18,0.5,0,0.54,0.31,cyt,cyt
YB32_YEAST,0.4,0.44,0.47,0.25,0.5,0,0.54,0.56,cyt,cyt
YB33_YEAST,0.46,0.59,0.38,0.12,0.5,0,0.5,0.22,cyt,cyt
YB37_YEAST,0.8,0.82,0.4,0.31,0.5,0,0.57,0.25,cyt,cyt
YB48_YEAST,0.29,0.39,0.46,0.36,0.5,0,0.51,0.22,cyt,cyt
YB54_YEAST,0.4,0.4,0.43,0.19,0.5,0.83,0.48,0.22,cyt,cyt
YB72_YEAST,0.57,0.52,0.46,0.2,0.5,0.83,0.52,0.41,cyt,cyt
YB91_YEAST,0.43,0.6,0.4,0.12,0.5,0,0.49,0.29,cyt,cyt
YB8E_YEAST,0.56,0.71,0.47,0.21,0.5,0,0.52,0.22,MIT,mit
YB8G_YEAST,0.65,0.62,0.26,0.33,0.5,0,0.55,0.22,cyt,cyt
YB8I_YEAST,0.77,0.7,0.37,0.12,0.5,0,0.49,0.26,cyt,cyt
YCFI_YEAST,0.47,0.61,0.32,0.27,0.5,0,0.5,0.3,cyt,cyt
YCK1_YEAST,0.71,0.51,0.49,0.23,0.5,0,0.3,0.32,cyt,cyt
YCK2_YEAST,0.59,0.48,0.49,0.49,0.5,0,0.36,0.32,CYT,cyt
YCA9_YEAST,0.58,0.63,0.52,0.7,0.5,0,0.46,0.22,MIT,mit
YCD8_YEAST,0.3,0.68,0.41,0.17,0.5,0,0.51,0.22,cyt,cyt
YCG9_YEAST,0.74,0.73,0.32,0.2,0.5,0,0.55,0.22,cyt,cyt
YCH0_YEAST,0.55,0.35,0.36,0.29,0.5,0,0.51,0.22,cyt,cyt
YCQ0_YEAST,0.35,0.32,0.31,0.16,0.5,0,0.56,0.22,cyt,cyt
YCQ7_YEAST,0.67,0.61,0.39,0.24,0.5,0,0.51,0.22,cyt,cyt
YCR3_YEAST,0.69,0.57,0.39,0.19,0.5,0,0.48,0.39,cyt,cyt
SYN_YEAST,0.47,0.41,0.53,0.27,0.5,0,0.47,0.25,MIT,mit
YCR8_YEAST,0.39,0.56,0.34,0.18,0.5,0,0.49,0.22,cyt,cyt
YCS4_YEAST,0.51,0.38,0.42,0.21,0.5,0,0.46,0.34,cyt,cyt
YCT8_YEAST,0.32,0.45,0.39,0.14,0.5,0,0.45,0.22,cyt,cyt
YCV1_YEAST,0.75,0.73,0.35,0.33,0.5,0,0.49,0.28,cyt,cyt
YCW2_YEAST,0.54,0.54,0.56,0.18,0.5,0,0.46,0.29,cyt,cyt
YCX9_YEAST,0.71,0.64,0.42,0.28,0.5,0,0.43,0.22,cyt,cyt
YCY8_YEAST,0.28,0.48,0.36,0.16,0.5,0,0.53,0.22,cyt,cyt
YCZ6_YEAST,0.58,0.44,0.45,0.32,0.5,0,0.52,0.37,cyt,cyt
YD66_YEAST,0.52,0.65,0.36,0.26,0.5,0,0.44,0.22,cyt,cyt
MAS5_YEAST,0.64,0.44,0.56,0.15,0.5,0,0.56,0.22,CYT,cyt
EF3_YEAST,0.48,0.58,0.47,0.17,0.5,0,0.53,0.74,CYT,cyt
YEA6_YEAST,0.42,0.71,0.45,0.15,0.5,0,0.48,0.22,cyt,cyt
YEP0_YEAST,0.38,0.37,0.36,0.14,0.5,0,0.54,0.22,cyt,cyt
YE14_YEAST,0.4,0.4,0.44,0.37,0.5,0,0.53,0.25,cyt,cyt
YGL1_YEAST,0.38,0.56,0.38,0.16,0.5,0,0.53,0.22,cyt,cyt
YGP1_YEAST,0.8,0.79,0.43,0.25,0.5,0,0.52,0.22,cyt,cyt
YHA8_YEAST,0.63,0.65,0.42,0.18,0.5,0,0.54,0.27,cyt,cyt
YHA9_YEAST,0.47,0.4,0.63,0.19,0.5,0,0.52,0.32,cyt,cyt
YHB7_YEAST,0.83,0.94,0.32,0.21,0.5,0,0.51,0.22,cyt,cyt
YHC6_YEAST,0.61,0.76,0.3,0.16,0.5,0,0.45,0.41,cyt,cyt
RIMI_YEAST,0.33,0.38,0.47,0.14,0.5,0,0.51,0.47,cyt,cyt
YHD5_YEAST,0.38,0.67,0.33,0.17,0.5,0,0.51,0.22,cyt,cyt
YHE0_YEAST,0.39,0.33,0.33,0.23,0.5,0,0.47,0.22,cyt,cyt
YHF0_YEAST,0.5,0.63,0.45,0.13,0.5,0,0.45,0.32,cyt,cyt
YHG2_YEAST,0.2,0.6,0.5,0.29,0.5,0,0.51,0.22,cyt,cyt
YHI7_YEAST,0.29,0.26,0.43,0.17,0.5,0,0.55,0.3,cyt,cyt
YHJ2_YEAST,0.51,0.46,0.41,0.36,0.5,0,0.49,0.22,cyt,cyt
YHK5_YEAST,0.92,0.66,0.52,0.23,0.5,0,0.53,0.22,cyt,cyt
YHK8_YEAST,0.49,0.56,0.37,0.2,0.5,0,0.53,0.22,cyt,cyt
YHN8_YEAST,0.86,0.78,0.34,0.15,0.5,0,0.53,0.22,cyt,cyt
YHP0_YEAST,0.38,0.44,0.57,0.14,0.5,0,0.53,0.52,cyt,cyt
YHQ1_YEAST,0.72,0.73,0.41,0.28,0.5,0,0.44,0.22,cyt,cyt
YHR0_YEAST,0.8,0.73,0.47,0.19,0.5,0,0.49,0.22,cyt,cyt
YHT3_YEAST,0.49,0.55,0.35,0.23,0.5,0,0.57,0.22,cyt,cyt
YHU0_YEAST,0.63,0.71,0.44,0.53,0.5,0,0.52,0.22,cyt,cyt
YHU2_YEAST,0.6,0.68,0.3,0.27,0.5,0,0.55,0.22,cyt,cyt
YHX8_YEAST,0.4,0.43,0.49,0.17,0.5,0,0.51,0.36,cyt,cyt
YHY0_YEAST,0.82,0.63,0.47,0.18,0.5,0,0.5,0.22,cyt,cyt
YHY1_YEAST,0.77,0.68,0.35,0.19,0.5,0,0.53,0.43,cyt,cyt
YIA6_YEAST,0.51,0.59,0.46,0.13,0.5,0,0.48,0.22,MIT,mit
YIB3_YEAST,0.52,0.46,0.34,0.2,0.5,0,0.51,0.25,cyt,cyt
YIF2_YEAST,0.47,0.5,0.6,0.63,0.5,0,0.38,0.16,CYT,cyt
YIG3_YEAST,0.34,0.24,0.51,0.15,0.5,0,0.54,0.4,cyt,cyt
YIN0_YEAST,0.35,0.29,0.46,0.14,0.5,0,0.54,0.66,cyt,cyt
YIN4_YEAST,0.58,0.67,0.49,0.16,0.5,0,0.47,0.28,MIT,mit
YIR3_YEAST,0.85,0.85,0.3,0.31,0.5,0,0.55,0.42,cyt,cyt
YKJ5_YEAST,0.36,0.48,0.61,0.26,0.5,0,0.5,0.16,cyt,cyt
YKA5_YEAST,0.41,0.25,0.59,0.44,0.5,0,0.6,0.69,cyt,cyt
YKA8_YEAST,0.3,0.37,0.4,0.45,0.5,0,0.48,0.41,cyt,cyt
MAOX_YEAST,0.57,0.59,0.49,0.86,0.5,0,0.47,0.22,cyt,cyt
YKD8_YEAST,0.38,0.4,0.39,0.19,0.5,0,0.46,0.62,cyt,cyt
YKE6_YEAST,0.77,0.74,0.37,0.29,0.5,0,0.45,0.22,cyt,cyt
TCTP_YEAST,0.47,0.38,0.58,0.19,0.5,0,0.57,0.22,CYT,cyt
PMT_YEAST,0.5,0.61,0.44,0.2,0.5,0,0.49,0.22,MIT,mit
YKM9_YEAST,0.41,0.45,0.46,0.23,0.5,0,0.5,0.7,CYT,cyt
YKN4_YEAST,0.46,0.62,0.46,0.54,0.5,0,0.51,0.27,MIT,mit
YKS8_YEAST,0.74,0.75,0.45,0.44,0.5,0,0.52,0.22,cyt,cyt
ACP_YEAST,0.52,0.53,0.58,0.69,0.5,0,0.5,0.22,MIT,mit
YKW2_YEAST,0.41,0.47,0.5,0.14,0.5,0,0.53,0.37,cyt,cyt
YKY8_YEAST,0.25,0.4,0.52,0.15,0.5,0,0.56,0.28,cyt,cyt
YK44_YEAST,0.58,0.56,0.38,0.39,0.5,0,0.54,0.57,cyt,cyt
YK68_YEAST,0.32,0.29,0.29,0.08,0.5,0,0.52,0.22,cyt,cyt
RL13_YEAST,0.38,0.48,0.57,0.3,0.5,0,0.41,0.11,CYT,cyt
YMC1_YEAST,0.39,0.58,0.47,0.18,0.5,0,0.48,0.22,MIT,mit
YMC2_YEAST,0.38,0.47,0.47,0.18,0.5,0,0.44,0.26,MIT,mit
Ycyt_YEAST,0.63,0.57,0.5,0.48,0.5,0,0.51,0.22,MIT,mit
RMR3_YEAST,0.51,0.45,0.62,0.25,0.5,0,0.59,0.22,MIT,mit
YOX1_YEAST,0.59,0.67,0.54,0.19,0.5,0,0.48,0.6,cyt,cyt
YPT1_YEAST,0.6,0.61,0.54,0.11,0.5,0,0.46,0.22,CYT,cyt
YP52_YEAST,0.48,0.61,0.57,0.17,0.5,0,0.45,0.22,CYT,cyt
YP53_YEAST,0.71,0.5,0.5,0.18,0.5,0,0.46,0.22,CYT,cyt
YPT7_YEAST,0.61,0.48,0.54,0.25,0.5,0,0.5,0.22,CYT,cyt
R29A_YEAST,0.38,0.32,0.64,0.41,0.5,0,0.44,0.11,CYT,cyt
R29B_YEAST,0.38,0.4,0.66,0.35,0.5,0,0.43,0.11,CYT,cyt
YUR1_YEAST,0.81,0.62,0.43,0.17,0.5,0,0.53,0.22,cyt,cyt
ZIP1_YEAST,0.47,0.43,0.61,0.4,0.5,0,0.48,0.47,cyt,cyt
ZNRP_YEAST,0.67,0.57,0.36,0.19,0.5,0,0.56,0.22,cyt,cyt
ZUO1_YEAST,0.43,0.4,0.6,0.16,0.5,0,0.53,0.39,cyt,cyt
G6PD_YEAST,0.65,0.54,0.54,0.13,0.5,0,0.53,0.22,CYT,cyt
